--
-- PostgreSQL database dump
--

\restrict o6Zw8twuqwJJli9Z2wWNwTPQSQprLgaiPe0tlxZbK4360fcEBuSrbooLfwo5UyV

-- Dumped from database version 16.11
-- Dumped by pg_dump version 16.11

SET statement_timeout = 0;
SET lock_timeout = 0;
SET idle_in_transaction_session_timeout = 0;
SET client_encoding = 'UTF8';
SET standard_conforming_strings = on;
SELECT pg_catalog.set_config('search_path', '', false);
SET check_function_bodies = false;
SET xmloption = content;
SET client_min_messages = warning;
SET row_security = off;

--
-- Data for Name: users; Type: TABLE DATA; Schema: public; Owner: -
--

INSERT INTO public.users (id, email, password_hash, full_name, role, is_active, created_at) VALUES (1, 'admin@nxzen.com', '$2b$12$TntU6MG3oVmmLDrvd7tnj.uAWuxslV0iEEdOo1tyRV3dWXz/m.kTO', 'Admin User', 'admin', true, '2026-05-12 11:19:28.380691+00');
INSERT INTO public.users (id, email, password_hash, full_name, role, is_active, created_at) VALUES (2, 'po@nxzen.com', '$2b$12$M.L0wlw8tu3sG184jeMDSe9grAz/wT9xP4MrtAa3F8b5lY8YTn9/a', 'Laura Hargrave', 'portfolio_office', true, '2026-05-12 11:19:28.380691+00');
INSERT INTO public.users (id, email, password_hash, full_name, role, is_active, created_at) VALUES (3, 'pm@nxzen.com', '$2b$12$jnCiT8PoC2T5wZ1esU4DmerHBCC4J9sLvxfRd9RAZiOdXBCN84kEG', 'PM User', 'pm', true, '2026-05-12 11:19:28.380691+00');
INSERT INTO public.users (id, email, password_hash, full_name, role, is_active, created_at) VALUES (4, 'cp@nxzen.com', '$2b$12$PaJkjAgCZJn.ZrD5UcQ.VOmErVEcitzZuRdK9fC0OKgveJlILVU8W', 'CP User', 'cp', true, '2026-05-12 11:19:28.380691+00');
INSERT INTO public.users (id, email, password_hash, full_name, role, is_active, created_at) VALUES (5, 'rm@nxzen.com', '$2b$12$urZ9pW4hytQJtTFSx1XoIOnRSLN1Y9YGWGRXTIxCvw36vT.kXGwrm', 'Resource Manager', 'rm', true, '2026-05-12 11:19:28.380691+00');
INSERT INTO public.users (id, email, password_hash, full_name, role, is_active, created_at) VALUES (6, 'finance@nxzen.com', '$2b$12$vkhm3HteW6pxliFVYgCpOehx0CVY3N8ttF2sXB/yEd5AE8tiFXUlG', 'Finance User', 'finance', true, '2026-05-12 11:19:28.380691+00');
INSERT INTO public.users (id, email, password_hash, full_name, role, is_active, created_at) VALUES (7, 'exec@nxzen.com', '$2b$12$1cntV7VnV9BUmZsUxy1nb.VHMo/YfXbQVQCA1uG/it9HU8xv6viHu', 'Mohamed Syedian', 'exec_viewer', true, '2026-05-12 11:19:28.380691+00');


--
-- Data for Name: audit_log; Type: TABLE DATA; Schema: public; Owner: -
--



--
-- Data for Name: projects; Type: TABLE DATA; Schema: public; Owner: -
--

INSERT INTO public.projects (id, ref, name, client, sub_proposition, phase, status, start_date, end_date_baseline, end_date_forecast, days_slippage, contract_value_gbp, margin_target_pct, pm_user_id, cp_user_id, pm_name, cp_name, project_code, notes, created_at, updated_at) VALUES (1, 'GB01_P001074', 'Project - UKPN - Cyber Resilience Roles T&M', 'UK Power Networks (Operations) Ltd', 'Renewables & Engineering', NULL, 'Active', '2025-07-01', '2026-12-31', NULL, NULL, NULL, NULL, 3, 4, 'Amit Fadnavis', 'Sudhakar Nalla', NULL, NULL, '2026-05-12 11:21:17.581202+00', '2026-05-12 11:21:17.581202+00');
INSERT INTO public.projects (id, ref, name, client, sub_proposition, phase, status, start_date, end_date_baseline, end_date_forecast, days_slippage, contract_value_gbp, margin_target_pct, pm_user_id, cp_user_id, pm_name, cp_name, project_code, notes, created_at, updated_at) VALUES (2, 'GB01_P001021', 'Project - UKPN - Income Management Mavis Faster Staging', 'UK Power Networks (Operations) Ltd', 'Renewables & Engineering', NULL, 'Active', '2026-01-05', '2026-04-10', '2026-12-15', NULL, NULL, NULL, 3, 4, 'Danie Selvaraju', 'Sudhakar Nalla', NULL, NULL, '2026-05-12 11:21:17.581202+00', '2026-05-12 11:21:17.581202+00');
INSERT INTO public.projects (id, ref, name, client, sub_proposition, phase, status, start_date, end_date_baseline, end_date_forecast, days_slippage, contract_value_gbp, margin_target_pct, pm_user_id, cp_user_id, pm_name, cp_name, project_code, notes, created_at, updated_at) VALUES (3, 'GB01_P001073', 'Project - UKPN - Nexus IMIB', 'UK Power Networks (Operations) Ltd', 'Renewables & Engineering', 'UAT', 'Active', '2026-02-01', '2026-08-31', NULL, NULL, NULL, NULL, 3, 4, 'MohamedMurshid S', 'Sudhakar Nalla', NULL, NULL, '2026-05-12 11:21:17.581202+00', '2026-05-12 11:21:17.581202+00');
INSERT INTO public.projects (id, ref, name, client, sub_proposition, phase, status, start_date, end_date_baseline, end_date_forecast, days_slippage, contract_value_gbp, margin_target_pct, pm_user_id, cp_user_id, pm_name, cp_name, project_code, notes, created_at, updated_at) VALUES (4, NULL, 'UKPN - Distance to Fault & CAS Pole Pilot', 'UK Power Networks (Operations) Ltd', 'Renewables & Engineering', NULL, 'Active', '2026-03-01', '2026-12-31', NULL, NULL, NULL, NULL, 3, 4, 'Vasupradha', 'Sudhakar Nalla', NULL, 'New project', '2026-05-12 11:21:17.581202+00', '2026-05-12 11:21:17.581202+00');
INSERT INTO public.projects (id, ref, name, client, sub_proposition, phase, status, start_date, end_date_baseline, end_date_forecast, days_slippage, contract_value_gbp, margin_target_pct, pm_user_id, cp_user_id, pm_name, cp_name, project_code, notes, created_at, updated_at) VALUES (5, 'GB01_P001005', 'Project - Eirgrid - Eirgrid PSSE to Power Factory', 'EirGrid plc', 'Renewables & Engineering', NULL, 'On Hold', '2025-08-01', '2028-06-30', NULL, NULL, NULL, NULL, 3, 4, 'Rodrigo Merino', 'Rodrigo Merino', NULL, 'The project has been placed on hold and may potentially be terminated.', '2026-05-12 11:21:17.581202+00', '2026-05-12 11:21:17.581202+00');
INSERT INTO public.projects (id, ref, name, client, sub_proposition, phase, status, start_date, end_date_baseline, end_date_forecast, days_slippage, contract_value_gbp, margin_target_pct, pm_user_id, cp_user_id, pm_name, cp_name, project_code, notes, created_at, updated_at) VALUES (6, 'GB01_P001006', 'Project - Eirgrid - Eirgird Product Specialist T&M', 'EirGrid plc', 'Renewables & Engineering', NULL, 'Active', '2025-10-01', '2026-04-30', NULL, NULL, NULL, NULL, 3, 4, 'Rodrigo Merino', 'Rodrigo Merino', NULL, 'The project may be extended by a further three months - In discussion', '2026-05-12 11:21:17.581202+00', '2026-05-12 11:21:17.581202+00');
INSERT INTO public.projects (id, ref, name, client, sub_proposition, phase, status, start_date, end_date_baseline, end_date_forecast, days_slippage, contract_value_gbp, margin_target_pct, pm_user_id, cp_user_id, pm_name, cp_name, project_code, notes, created_at, updated_at) VALUES (7, 'GB01_P001010', 'Project - ENWL - SAP Projects', 'Electricity North West Limited', 'Renewables & Engineering', NULL, 'Active', '2025-04-01', '2027-03-31', NULL, NULL, NULL, NULL, 3, 4, 'TamoghnaMihirDas gupta', 'David Butcher', NULL, NULL, '2026-05-12 11:21:17.581202+00', '2026-05-12 11:21:17.581202+00');
INSERT INTO public.projects (id, ref, name, client, sub_proposition, phase, status, start_date, end_date_baseline, end_date_forecast, days_slippage, contract_value_gbp, margin_target_pct, pm_user_id, cp_user_id, pm_name, cp_name, project_code, notes, created_at, updated_at) VALUES (8, NULL, 'ENWL - Project Manager - IT Resilience SMR - TnM', 'Electricity North West Limited', 'Renewables & Engineering', NULL, 'Active', '2026-05-01', '2026-10-30', NULL, NULL, NULL, NULL, 3, 4, 'TamoghnaMihirDas gupta', 'David Butcher', NULL, 'New project', '2026-05-12 11:21:17.581202+00', '2026-05-12 11:21:17.581202+00');
INSERT INTO public.projects (id, ref, name, client, sub_proposition, phase, status, start_date, end_date_baseline, end_date_forecast, days_slippage, contract_value_gbp, margin_target_pct, pm_user_id, cp_user_id, pm_name, cp_name, project_code, notes, created_at, updated_at) VALUES (9, NULL, 'WWU - Deed Digitalisation', 'Wales & West Utilities', 'Renewables & Engineering', NULL, 'Active', '2026-04-01', '2027-01-31', NULL, NULL, NULL, NULL, 3, 4, 'TamoghnaMihirDas gupta', 'Martin Ridley', NULL, 'New project', '2026-05-12 11:21:17.581202+00', '2026-05-12 11:21:17.581202+00');
INSERT INTO public.projects (id, ref, name, client, sub_proposition, phase, status, start_date, end_date_baseline, end_date_forecast, days_slippage, contract_value_gbp, margin_target_pct, pm_user_id, cp_user_id, pm_name, cp_name, project_code, notes, created_at, updated_at) VALUES (10, NULL, 'WWU - Service Suite Upgrade & MFT', 'Wales & West Utilities', 'Renewables & Engineering', 'Design', 'Active', '2026-04-01', '2026-12-31', NULL, NULL, NULL, NULL, 3, 4, 'TamoghnaMihirDas gupta', 'Martin Ridley', NULL, 'New project', '2026-05-12 11:21:17.581202+00', '2026-05-12 11:21:17.581202+00');
INSERT INTO public.projects (id, ref, name, client, sub_proposition, phase, status, start_date, end_date_baseline, end_date_forecast, days_slippage, contract_value_gbp, margin_target_pct, pm_user_id, cp_user_id, pm_name, cp_name, project_code, notes, created_at, updated_at) VALUES (11, 'GB01_P001075', 'Project - WWU - Open Text', 'Wales & West Utilities', 'Renewables & Engineering', 'Design', 'Active', '2026-03-08', '2027-01-31', NULL, NULL, NULL, NULL, 3, 4, 'TamoghnaMihirDas gupta', 'Martin Ridley', NULL, NULL, '2026-05-12 11:21:17.581202+00', '2026-05-12 11:21:17.581202+00');
INSERT INTO public.projects (id, ref, name, client, sub_proposition, phase, status, start_date, end_date_baseline, end_date_forecast, days_slippage, contract_value_gbp, margin_target_pct, pm_user_id, cp_user_id, pm_name, cp_name, project_code, notes, created_at, updated_at) VALUES (12, 'GB01_P001028', 'Project - WWU- SAP Simplification Item - S/4', 'Wales & West Utilities', 'Renewables & Engineering', NULL, 'Active', '2025-01-08', '2026-11-30', NULL, NULL, NULL, NULL, 3, 4, 'TamoghnaMihirDas gupta', 'Martin Ridley', NULL, NULL, '2026-05-12 11:21:17.581202+00', '2026-05-12 11:21:17.581202+00');
INSERT INTO public.projects (id, ref, name, client, sub_proposition, phase, status, start_date, end_date_baseline, end_date_forecast, days_slippage, contract_value_gbp, margin_target_pct, pm_user_id, cp_user_id, pm_name, cp_name, project_code, notes, created_at, updated_at) VALUES (13, 'GB01_P001026', 'Project - WWU - S4 Resource and S4 Project Support New - FY26', 'Wales & West Utilities', 'Renewables & Engineering', NULL, 'Active', '2025-04-01', '2026-12-31', NULL, NULL, NULL, NULL, 3, 4, 'TamoghnaMihirDas gupta', 'Martin Ridley', NULL, NULL, '2026-05-12 11:21:17.581202+00', '2026-05-12 11:21:17.581202+00');
INSERT INTO public.projects (id, ref, name, client, sub_proposition, phase, status, start_date, end_date_baseline, end_date_forecast, days_slippage, contract_value_gbp, margin_target_pct, pm_user_id, cp_user_id, pm_name, cp_name, project_code, notes, created_at, updated_at) VALUES (14, 'GB01_P001070', 'Project - SGN - Dev Test FPP', 'Scotia Gas Networks Limited', 'Renewables & Engineering', NULL, 'Active', '2026-04-01', '2027-03-31', NULL, NULL, NULL, NULL, 3, 4, 'Anoop Prabhu', 'Alex Pitcher', NULL, 'Project consists of 5 FP SOW''s', '2026-05-12 11:21:17.581202+00', '2026-05-12 11:21:17.581202+00');
INSERT INTO public.projects (id, ref, name, client, sub_proposition, phase, status, start_date, end_date_baseline, end_date_forecast, days_slippage, contract_value_gbp, margin_target_pct, pm_user_id, cp_user_id, pm_name, cp_name, project_code, notes, created_at, updated_at) VALUES (15, 'GB01_P001069', 'Project - SGN - Dev Test T&M', 'Scotia Gas Networks Limited', 'Renewables & Engineering', NULL, 'Active', '2026-04-01', '2027-03-31', NULL, NULL, NULL, NULL, 3, 4, 'Anoop Prabhu', 'Alex Pitcher', NULL, 'Project consists of  T&M SOW''s', '2026-05-12 11:21:17.581202+00', '2026-05-12 11:21:17.581202+00');
INSERT INTO public.projects (id, ref, name, client, sub_proposition, phase, status, start_date, end_date_baseline, end_date_forecast, days_slippage, contract_value_gbp, margin_target_pct, pm_user_id, cp_user_id, pm_name, cp_name, project_code, notes, created_at, updated_at) VALUES (16, NULL, 'UKPN - Distance to Fault & CAS Pole Pilot', 'UK Power Networks (Operations) Ltd', 'Renewables & Engineering', NULL, 'Active', '2026-03-01', '2026-12-31', NULL, NULL, NULL, NULL, 3, 4, 'Vasupradha', 'Sudhakar Nalla', NULL, 'New project', '2026-05-12 11:24:38.58876+00', '2026-05-12 11:24:38.58876+00');
INSERT INTO public.projects (id, ref, name, client, sub_proposition, phase, status, start_date, end_date_baseline, end_date_forecast, days_slippage, contract_value_gbp, margin_target_pct, pm_user_id, cp_user_id, pm_name, cp_name, project_code, notes, created_at, updated_at) VALUES (17, NULL, 'ENWL - Project Manager - IT Resilience SMR - TnM', 'Electricity North West Limited', 'Renewables & Engineering', NULL, 'Active', '2026-05-01', '2026-10-30', NULL, NULL, NULL, NULL, 3, 4, 'TamoghnaMihirDas gupta', 'David Butcher', NULL, 'New project', '2026-05-12 11:24:38.58876+00', '2026-05-12 11:24:38.58876+00');
INSERT INTO public.projects (id, ref, name, client, sub_proposition, phase, status, start_date, end_date_baseline, end_date_forecast, days_slippage, contract_value_gbp, margin_target_pct, pm_user_id, cp_user_id, pm_name, cp_name, project_code, notes, created_at, updated_at) VALUES (18, NULL, 'WWU - Deed Digitalisation', 'Wales & West Utilities', 'Renewables & Engineering', NULL, 'Active', '2026-04-01', '2027-01-31', NULL, NULL, NULL, NULL, 3, 4, 'TamoghnaMihirDas gupta', 'Martin Ridley', NULL, 'New project', '2026-05-12 11:24:38.58876+00', '2026-05-12 11:24:38.58876+00');
INSERT INTO public.projects (id, ref, name, client, sub_proposition, phase, status, start_date, end_date_baseline, end_date_forecast, days_slippage, contract_value_gbp, margin_target_pct, pm_user_id, cp_user_id, pm_name, cp_name, project_code, notes, created_at, updated_at) VALUES (19, NULL, 'WWU - Service Suite Upgrade & MFT', 'Wales & West Utilities', 'Renewables & Engineering', 'Design', 'Active', '2026-04-01', '2026-12-31', NULL, NULL, NULL, NULL, 3, 4, 'TamoghnaMihirDas gupta', 'Martin Ridley', NULL, 'New project', '2026-05-12 11:24:38.58876+00', '2026-05-12 11:24:38.58876+00');
INSERT INTO public.projects (id, ref, name, client, sub_proposition, phase, status, start_date, end_date_baseline, end_date_forecast, days_slippage, contract_value_gbp, margin_target_pct, pm_user_id, cp_user_id, pm_name, cp_name, project_code, notes, created_at, updated_at) VALUES (20, NULL, 'UKPN - Distance to Fault & CAS Pole Pilot', 'UK Power Networks (Operations) Ltd', 'Renewables & Engineering', NULL, 'Active', '2026-03-01', '2026-12-31', NULL, NULL, NULL, NULL, 3, 4, 'Vasupradha', 'Sudhakar Nalla', NULL, 'New project', '2026-05-12 12:58:10.925619+00', '2026-05-12 12:58:10.925619+00');
INSERT INTO public.projects (id, ref, name, client, sub_proposition, phase, status, start_date, end_date_baseline, end_date_forecast, days_slippage, contract_value_gbp, margin_target_pct, pm_user_id, cp_user_id, pm_name, cp_name, project_code, notes, created_at, updated_at) VALUES (21, NULL, 'ENWL - Project Manager - IT Resilience SMR - TnM', 'Electricity North West Limited', 'Renewables & Engineering', NULL, 'Active', '2026-05-01', '2026-10-30', NULL, NULL, NULL, NULL, 3, 4, 'TamoghnaMihirDas gupta', 'David Butcher', NULL, 'New project', '2026-05-12 12:58:10.925619+00', '2026-05-12 12:58:10.925619+00');
INSERT INTO public.projects (id, ref, name, client, sub_proposition, phase, status, start_date, end_date_baseline, end_date_forecast, days_slippage, contract_value_gbp, margin_target_pct, pm_user_id, cp_user_id, pm_name, cp_name, project_code, notes, created_at, updated_at) VALUES (22, NULL, 'WWU - Deed Digitalisation', 'Wales & West Utilities', 'Renewables & Engineering', NULL, 'Active', '2026-04-01', '2027-01-31', NULL, NULL, NULL, NULL, 3, 4, 'TamoghnaMihirDas gupta', 'Martin Ridley', NULL, 'New project', '2026-05-12 12:58:10.925619+00', '2026-05-12 12:58:10.925619+00');
INSERT INTO public.projects (id, ref, name, client, sub_proposition, phase, status, start_date, end_date_baseline, end_date_forecast, days_slippage, contract_value_gbp, margin_target_pct, pm_user_id, cp_user_id, pm_name, cp_name, project_code, notes, created_at, updated_at) VALUES (23, NULL, 'WWU - Service Suite Upgrade & MFT', 'Wales & West Utilities', 'Renewables & Engineering', 'Design', 'Active', '2026-04-01', '2026-12-31', NULL, NULL, NULL, NULL, 3, 4, 'TamoghnaMihirDas gupta', 'Martin Ridley', NULL, 'New project', '2026-05-12 12:58:10.925619+00', '2026-05-12 12:58:10.925619+00');
INSERT INTO public.projects (id, ref, name, client, sub_proposition, phase, status, start_date, end_date_baseline, end_date_forecast, days_slippage, contract_value_gbp, margin_target_pct, pm_user_id, cp_user_id, pm_name, cp_name, project_code, notes, created_at, updated_at) VALUES (24, NULL, 'UKPN - Distance to Fault & CAS Pole Pilot', 'UK Power Networks (Operations) Ltd', 'Renewables & Engineering', NULL, 'Active', '2026-03-01', '2026-12-31', NULL, NULL, NULL, NULL, 3, 4, 'Vasupradha', 'Sudhakar Nalla', NULL, 'New project', '2026-05-12 13:06:39.923843+00', '2026-05-12 13:06:39.923843+00');
INSERT INTO public.projects (id, ref, name, client, sub_proposition, phase, status, start_date, end_date_baseline, end_date_forecast, days_slippage, contract_value_gbp, margin_target_pct, pm_user_id, cp_user_id, pm_name, cp_name, project_code, notes, created_at, updated_at) VALUES (25, NULL, 'ENWL - Project Manager - IT Resilience SMR - TnM', 'Electricity North West Limited', 'Renewables & Engineering', NULL, 'Active', '2026-05-01', '2026-10-30', NULL, NULL, NULL, NULL, 3, 4, 'TamoghnaMihirDas gupta', 'David Butcher', NULL, 'New project', '2026-05-12 13:06:39.923843+00', '2026-05-12 13:06:39.923843+00');
INSERT INTO public.projects (id, ref, name, client, sub_proposition, phase, status, start_date, end_date_baseline, end_date_forecast, days_slippage, contract_value_gbp, margin_target_pct, pm_user_id, cp_user_id, pm_name, cp_name, project_code, notes, created_at, updated_at) VALUES (26, NULL, 'WWU - Deed Digitalisation', 'Wales & West Utilities', 'Renewables & Engineering', NULL, 'Active', '2026-04-01', '2027-01-31', NULL, NULL, NULL, NULL, 3, 4, 'TamoghnaMihirDas gupta', 'Martin Ridley', NULL, 'New project', '2026-05-12 13:06:39.923843+00', '2026-05-12 13:06:39.923843+00');
INSERT INTO public.projects (id, ref, name, client, sub_proposition, phase, status, start_date, end_date_baseline, end_date_forecast, days_slippage, contract_value_gbp, margin_target_pct, pm_user_id, cp_user_id, pm_name, cp_name, project_code, notes, created_at, updated_at) VALUES (27, NULL, 'WWU - Service Suite Upgrade & MFT', 'Wales & West Utilities', 'Renewables & Engineering', 'Design', 'Active', '2026-04-01', '2026-12-31', NULL, NULL, NULL, NULL, 3, 4, 'TamoghnaMihirDas gupta', 'Martin Ridley', NULL, 'New project', '2026-05-12 13:06:39.923843+00', '2026-05-12 13:06:39.923843+00');
INSERT INTO public.projects (id, ref, name, client, sub_proposition, phase, status, start_date, end_date_baseline, end_date_forecast, days_slippage, contract_value_gbp, margin_target_pct, pm_user_id, cp_user_id, pm_name, cp_name, project_code, notes, created_at, updated_at) VALUES (28, NULL, 'UKPN - Distance to Fault & CAS Pole Pilot', 'UK Power Networks (Operations) Ltd', 'Renewables & Engineering', NULL, 'Active', '2026-03-01', '2026-12-31', NULL, NULL, NULL, NULL, 3, 4, 'Vasupradha', 'Sudhakar Nalla', NULL, 'New project', '2026-05-12 13:08:07.223386+00', '2026-05-12 13:08:07.223386+00');
INSERT INTO public.projects (id, ref, name, client, sub_proposition, phase, status, start_date, end_date_baseline, end_date_forecast, days_slippage, contract_value_gbp, margin_target_pct, pm_user_id, cp_user_id, pm_name, cp_name, project_code, notes, created_at, updated_at) VALUES (29, NULL, 'ENWL - Project Manager - IT Resilience SMR - TnM', 'Electricity North West Limited', 'Renewables & Engineering', NULL, 'Active', '2026-05-01', '2026-10-30', NULL, NULL, NULL, NULL, 3, 4, 'TamoghnaMihirDas gupta', 'David Butcher', NULL, 'New project', '2026-05-12 13:08:07.223386+00', '2026-05-12 13:08:07.223386+00');
INSERT INTO public.projects (id, ref, name, client, sub_proposition, phase, status, start_date, end_date_baseline, end_date_forecast, days_slippage, contract_value_gbp, margin_target_pct, pm_user_id, cp_user_id, pm_name, cp_name, project_code, notes, created_at, updated_at) VALUES (30, NULL, 'WWU - Deed Digitalisation', 'Wales & West Utilities', 'Renewables & Engineering', NULL, 'Active', '2026-04-01', '2027-01-31', NULL, NULL, NULL, NULL, 3, 4, 'TamoghnaMihirDas gupta', 'Martin Ridley', NULL, 'New project', '2026-05-12 13:08:07.223386+00', '2026-05-12 13:08:07.223386+00');
INSERT INTO public.projects (id, ref, name, client, sub_proposition, phase, status, start_date, end_date_baseline, end_date_forecast, days_slippage, contract_value_gbp, margin_target_pct, pm_user_id, cp_user_id, pm_name, cp_name, project_code, notes, created_at, updated_at) VALUES (31, NULL, 'WWU - Service Suite Upgrade & MFT', 'Wales & West Utilities', 'Renewables & Engineering', 'Design', 'Active', '2026-04-01', '2026-12-31', NULL, NULL, NULL, NULL, 3, 4, 'TamoghnaMihirDas gupta', 'Martin Ridley', NULL, 'New project', '2026-05-12 13:08:07.223386+00', '2026-05-12 13:08:07.223386+00');


--
-- Data for Name: commercial; Type: TABLE DATA; Schema: public; Owner: -
--



--
-- Data for Name: csat; Type: TABLE DATA; Schema: public; Owner: -
--

INSERT INTO public.csat (id, project_id, date_collected, score_1_5, comment, collected_by_user_id, collected_by_name, next_collection_due, created_at) VALUES (1, 1, '2026-05-05', 4, NULL, NULL, NULL, NULL, '2026-05-12 11:21:17.716619+00');
INSERT INTO public.csat (id, project_id, date_collected, score_1_5, comment, collected_by_user_id, collected_by_name, next_collection_due, created_at) VALUES (2, 2, '2026-04-28', NULL, NULL, NULL, NULL, NULL, '2026-05-12 11:21:17.716619+00');
INSERT INTO public.csat (id, project_id, date_collected, score_1_5, comment, collected_by_user_id, collected_by_name, next_collection_due, created_at) VALUES (3, 3, '2026-04-28', 4, NULL, NULL, NULL, NULL, '2026-05-12 11:21:17.716619+00');
INSERT INTO public.csat (id, project_id, date_collected, score_1_5, comment, collected_by_user_id, collected_by_name, next_collection_due, created_at) VALUES (4, 4, '2026-05-05', 2, NULL, NULL, NULL, NULL, '2026-05-12 11:21:17.716619+00');
INSERT INTO public.csat (id, project_id, date_collected, score_1_5, comment, collected_by_user_id, collected_by_name, next_collection_due, created_at) VALUES (5, 5, '2026-05-01', 1, 'No agreement with client re overall project status', NULL, NULL, NULL, '2026-05-12 11:21:17.716619+00');
INSERT INTO public.csat (id, project_id, date_collected, score_1_5, comment, collected_by_user_id, collected_by_name, next_collection_due, created_at) VALUES (6, 6, '2026-04-27', 4, NULL, NULL, NULL, NULL, '2026-05-12 11:21:17.716619+00');
INSERT INTO public.csat (id, project_id, date_collected, score_1_5, comment, collected_by_user_id, collected_by_name, next_collection_due, created_at) VALUES (7, 7, '2026-05-06', 4, 'Stabilisation process in progress and on track', NULL, NULL, NULL, '2026-05-12 11:21:17.716619+00');
INSERT INTO public.csat (id, project_id, date_collected, score_1_5, comment, collected_by_user_id, collected_by_name, next_collection_due, created_at) VALUES (8, 8, '2026-04-29', 4, NULL, NULL, NULL, NULL, '2026-05-12 11:21:17.716619+00');
INSERT INTO public.csat (id, project_id, date_collected, score_1_5, comment, collected_by_user_id, collected_by_name, next_collection_due, created_at) VALUES (9, 14, NULL, 3, NULL, NULL, NULL, NULL, '2026-05-12 11:21:17.716619+00');
INSERT INTO public.csat (id, project_id, date_collected, score_1_5, comment, collected_by_user_id, collected_by_name, next_collection_due, created_at) VALUES (10, 15, NULL, 5, NULL, NULL, NULL, NULL, '2026-05-12 11:21:17.716619+00');
INSERT INTO public.csat (id, project_id, date_collected, score_1_5, comment, collected_by_user_id, collected_by_name, next_collection_due, created_at) VALUES (11, 1, '2026-05-05', 4, NULL, NULL, NULL, NULL, '2026-05-12 11:24:38.646351+00');
INSERT INTO public.csat (id, project_id, date_collected, score_1_5, comment, collected_by_user_id, collected_by_name, next_collection_due, created_at) VALUES (12, 2, '2026-04-28', NULL, NULL, NULL, NULL, NULL, '2026-05-12 11:24:38.646351+00');
INSERT INTO public.csat (id, project_id, date_collected, score_1_5, comment, collected_by_user_id, collected_by_name, next_collection_due, created_at) VALUES (13, 3, '2026-04-28', 4, NULL, NULL, NULL, NULL, '2026-05-12 11:24:38.646351+00');
INSERT INTO public.csat (id, project_id, date_collected, score_1_5, comment, collected_by_user_id, collected_by_name, next_collection_due, created_at) VALUES (14, 16, '2026-05-05', 2, NULL, NULL, NULL, NULL, '2026-05-12 11:24:38.646351+00');
INSERT INTO public.csat (id, project_id, date_collected, score_1_5, comment, collected_by_user_id, collected_by_name, next_collection_due, created_at) VALUES (15, 5, '2026-05-01', 1, 'No agreement with client re overall project status', NULL, NULL, NULL, '2026-05-12 11:24:38.646351+00');
INSERT INTO public.csat (id, project_id, date_collected, score_1_5, comment, collected_by_user_id, collected_by_name, next_collection_due, created_at) VALUES (16, 6, '2026-04-27', 4, NULL, NULL, NULL, NULL, '2026-05-12 11:24:38.646351+00');
INSERT INTO public.csat (id, project_id, date_collected, score_1_5, comment, collected_by_user_id, collected_by_name, next_collection_due, created_at) VALUES (17, 7, '2026-05-06', 4, 'Stabilisation process in progress and on track', NULL, NULL, NULL, '2026-05-12 11:24:38.646351+00');
INSERT INTO public.csat (id, project_id, date_collected, score_1_5, comment, collected_by_user_id, collected_by_name, next_collection_due, created_at) VALUES (18, 17, '2026-04-29', 4, NULL, NULL, NULL, NULL, '2026-05-12 11:24:38.646351+00');
INSERT INTO public.csat (id, project_id, date_collected, score_1_5, comment, collected_by_user_id, collected_by_name, next_collection_due, created_at) VALUES (19, 14, NULL, 3, NULL, NULL, NULL, NULL, '2026-05-12 11:24:38.646351+00');
INSERT INTO public.csat (id, project_id, date_collected, score_1_5, comment, collected_by_user_id, collected_by_name, next_collection_due, created_at) VALUES (20, 15, NULL, 5, NULL, NULL, NULL, NULL, '2026-05-12 11:24:38.646351+00');
INSERT INTO public.csat (id, project_id, date_collected, score_1_5, comment, collected_by_user_id, collected_by_name, next_collection_due, created_at) VALUES (21, 1, '2026-05-05', 4, NULL, NULL, NULL, NULL, '2026-05-12 12:58:11.030561+00');
INSERT INTO public.csat (id, project_id, date_collected, score_1_5, comment, collected_by_user_id, collected_by_name, next_collection_due, created_at) VALUES (22, 2, '2026-04-28', NULL, NULL, NULL, NULL, NULL, '2026-05-12 12:58:11.030561+00');
INSERT INTO public.csat (id, project_id, date_collected, score_1_5, comment, collected_by_user_id, collected_by_name, next_collection_due, created_at) VALUES (23, 3, '2026-04-28', 4, NULL, NULL, NULL, NULL, '2026-05-12 12:58:11.030561+00');
INSERT INTO public.csat (id, project_id, date_collected, score_1_5, comment, collected_by_user_id, collected_by_name, next_collection_due, created_at) VALUES (24, 20, '2026-05-05', 2, NULL, NULL, NULL, NULL, '2026-05-12 12:58:11.030561+00');
INSERT INTO public.csat (id, project_id, date_collected, score_1_5, comment, collected_by_user_id, collected_by_name, next_collection_due, created_at) VALUES (25, 5, '2026-05-01', 1, 'No agreement with client re overall project status', NULL, NULL, NULL, '2026-05-12 12:58:11.030561+00');
INSERT INTO public.csat (id, project_id, date_collected, score_1_5, comment, collected_by_user_id, collected_by_name, next_collection_due, created_at) VALUES (26, 6, '2026-04-27', 4, NULL, NULL, NULL, NULL, '2026-05-12 12:58:11.030561+00');
INSERT INTO public.csat (id, project_id, date_collected, score_1_5, comment, collected_by_user_id, collected_by_name, next_collection_due, created_at) VALUES (27, 7, '2026-05-06', 4, 'Stabilisation process in progress and on track', NULL, NULL, NULL, '2026-05-12 12:58:11.030561+00');
INSERT INTO public.csat (id, project_id, date_collected, score_1_5, comment, collected_by_user_id, collected_by_name, next_collection_due, created_at) VALUES (28, 21, '2026-04-29', 4, NULL, NULL, NULL, NULL, '2026-05-12 12:58:11.030561+00');
INSERT INTO public.csat (id, project_id, date_collected, score_1_5, comment, collected_by_user_id, collected_by_name, next_collection_due, created_at) VALUES (29, 14, NULL, 3, NULL, NULL, NULL, NULL, '2026-05-12 12:58:11.030561+00');
INSERT INTO public.csat (id, project_id, date_collected, score_1_5, comment, collected_by_user_id, collected_by_name, next_collection_due, created_at) VALUES (30, 15, NULL, 5, NULL, NULL, NULL, NULL, '2026-05-12 12:58:11.030561+00');
INSERT INTO public.csat (id, project_id, date_collected, score_1_5, comment, collected_by_user_id, collected_by_name, next_collection_due, created_at) VALUES (31, 1, '2026-05-05', 4, NULL, NULL, NULL, NULL, '2026-05-12 13:06:40.000456+00');
INSERT INTO public.csat (id, project_id, date_collected, score_1_5, comment, collected_by_user_id, collected_by_name, next_collection_due, created_at) VALUES (32, 2, '2026-04-28', NULL, NULL, NULL, NULL, NULL, '2026-05-12 13:06:40.000456+00');
INSERT INTO public.csat (id, project_id, date_collected, score_1_5, comment, collected_by_user_id, collected_by_name, next_collection_due, created_at) VALUES (33, 3, '2026-04-28', 4, NULL, NULL, NULL, NULL, '2026-05-12 13:06:40.000456+00');
INSERT INTO public.csat (id, project_id, date_collected, score_1_5, comment, collected_by_user_id, collected_by_name, next_collection_due, created_at) VALUES (34, 24, '2026-05-05', 2, NULL, NULL, NULL, NULL, '2026-05-12 13:06:40.000456+00');
INSERT INTO public.csat (id, project_id, date_collected, score_1_5, comment, collected_by_user_id, collected_by_name, next_collection_due, created_at) VALUES (35, 5, '2026-05-01', 1, 'No agreement with client re overall project status', NULL, NULL, NULL, '2026-05-12 13:06:40.000456+00');
INSERT INTO public.csat (id, project_id, date_collected, score_1_5, comment, collected_by_user_id, collected_by_name, next_collection_due, created_at) VALUES (36, 6, '2026-04-27', 4, NULL, NULL, NULL, NULL, '2026-05-12 13:06:40.000456+00');
INSERT INTO public.csat (id, project_id, date_collected, score_1_5, comment, collected_by_user_id, collected_by_name, next_collection_due, created_at) VALUES (37, 7, '2026-05-06', 4, 'Stabilisation process in progress and on track', NULL, NULL, NULL, '2026-05-12 13:06:40.000456+00');
INSERT INTO public.csat (id, project_id, date_collected, score_1_5, comment, collected_by_user_id, collected_by_name, next_collection_due, created_at) VALUES (38, 25, '2026-04-29', 4, NULL, NULL, NULL, NULL, '2026-05-12 13:06:40.000456+00');
INSERT INTO public.csat (id, project_id, date_collected, score_1_5, comment, collected_by_user_id, collected_by_name, next_collection_due, created_at) VALUES (39, 14, NULL, 3, NULL, NULL, NULL, NULL, '2026-05-12 13:06:40.000456+00');
INSERT INTO public.csat (id, project_id, date_collected, score_1_5, comment, collected_by_user_id, collected_by_name, next_collection_due, created_at) VALUES (40, 15, NULL, 5, NULL, NULL, NULL, NULL, '2026-05-12 13:06:40.000456+00');
INSERT INTO public.csat (id, project_id, date_collected, score_1_5, comment, collected_by_user_id, collected_by_name, next_collection_due, created_at) VALUES (41, 1, '2026-05-05', 4, NULL, NULL, NULL, NULL, '2026-05-12 13:08:07.300525+00');
INSERT INTO public.csat (id, project_id, date_collected, score_1_5, comment, collected_by_user_id, collected_by_name, next_collection_due, created_at) VALUES (42, 2, '2026-04-28', NULL, NULL, NULL, NULL, NULL, '2026-05-12 13:08:07.300525+00');
INSERT INTO public.csat (id, project_id, date_collected, score_1_5, comment, collected_by_user_id, collected_by_name, next_collection_due, created_at) VALUES (43, 3, '2026-04-28', 4, NULL, NULL, NULL, NULL, '2026-05-12 13:08:07.300525+00');
INSERT INTO public.csat (id, project_id, date_collected, score_1_5, comment, collected_by_user_id, collected_by_name, next_collection_due, created_at) VALUES (44, 28, '2026-05-05', 2, NULL, NULL, NULL, NULL, '2026-05-12 13:08:07.300525+00');
INSERT INTO public.csat (id, project_id, date_collected, score_1_5, comment, collected_by_user_id, collected_by_name, next_collection_due, created_at) VALUES (45, 5, '2026-05-01', 1, 'No agreement with client re overall project status', NULL, NULL, NULL, '2026-05-12 13:08:07.300525+00');
INSERT INTO public.csat (id, project_id, date_collected, score_1_5, comment, collected_by_user_id, collected_by_name, next_collection_due, created_at) VALUES (46, 6, '2026-04-27', 4, NULL, NULL, NULL, NULL, '2026-05-12 13:08:07.300525+00');
INSERT INTO public.csat (id, project_id, date_collected, score_1_5, comment, collected_by_user_id, collected_by_name, next_collection_due, created_at) VALUES (47, 7, '2026-05-06', 4, 'Stabilisation process in progress and on track', NULL, NULL, NULL, '2026-05-12 13:08:07.300525+00');
INSERT INTO public.csat (id, project_id, date_collected, score_1_5, comment, collected_by_user_id, collected_by_name, next_collection_due, created_at) VALUES (48, 29, '2026-04-29', 4, NULL, NULL, NULL, NULL, '2026-05-12 13:08:07.300525+00');
INSERT INTO public.csat (id, project_id, date_collected, score_1_5, comment, collected_by_user_id, collected_by_name, next_collection_due, created_at) VALUES (49, 14, NULL, 3, NULL, NULL, NULL, NULL, '2026-05-12 13:08:07.300525+00');
INSERT INTO public.csat (id, project_id, date_collected, score_1_5, comment, collected_by_user_id, collected_by_name, next_collection_due, created_at) VALUES (50, 15, NULL, 5, NULL, NULL, NULL, NULL, '2026-05-12 13:08:07.300525+00');


--
-- Data for Name: escalations_decisions; Type: TABLE DATA; Schema: public; Owner: -
--



--
-- Data for Name: gov_checkpoints; Type: TABLE DATA; Schema: public; Owner: -
--



--
-- Data for Name: metric_definitions; Type: TABLE DATA; Schema: public; Owner: -
--

INSERT INTO public.metric_definitions (id, metric_number, name, category, sub_category, release, description, formula, unit, update_frequency, data_owner) VALUES (39, 1, 'Active Projects', 'Portfolio Snapshot', 'Portfolio at a Glance', 'MVP', 'Total count of nxzen (UK & India) active projects', 'COUNT of active projects from the Dynamics Project extract', 'Count (#)', 'Weekly', 'Finance');
INSERT INTO public.metric_definitions (id, metric_number, name, category, sub_category, release, description, formula, unit, update_frequency, data_owner) VALUES (40, 2, 'Active Clients', 'Portfolio Snapshot', 'Portfolio at a Glance', 'MVP', 'Number of distinct (UK & India) clients with at least one active project', 'COUNT DISTINCT (Client) of active projects from the Dynamics Project extract', 'Count (#)', 'Weekly', 'Finance');
INSERT INTO public.metric_definitions (id, metric_number, name, category, sub_category, release, description, formula, unit, update_frequency, data_owner) VALUES (41, 3, 'Overall RAG Status', 'Portfolio Snapshot', 'Portfolio at a Glance', 'MVP', 'Overall RAG status of the portfolio', 'If overall RAG Red %: ≥10% then Red
If overall RAG Amber %:≥5%–<10% then Amber
If overall RAG Green %: <5% Red or Amber, then Green', '% (one decimal)', 'Weekly', 'PM (reported), Portfolio Office (validate & consolidate)');
INSERT INTO public.metric_definitions (id, metric_number, name, category, sub_category, release, description, formula, unit, update_frequency, data_owner) VALUES (42, 4, 'Overall RAG — Red %', 'Portfolio Snapshot', 'Portfolio at a Glance', 'MVP', 'Percentage of active projects with an overall RAG status of Red.', 'COUNT(Overall RAG = Red) / COUNT(Active Projects) × 100', '% (one decimal)', 'Weekly', 'PM (reported), Portfolio Office (validate & consolidate)');
INSERT INTO public.metric_definitions (id, metric_number, name, category, sub_category, release, description, formula, unit, update_frequency, data_owner) VALUES (43, 5, 'Overall RAG — Amber %', 'Portfolio Snapshot', 'Portfolio at a Glance', 'MVP', 'Percentage of active projects with an overall RAG status of Amber.', 'COUNT(Overall RAG = Amber) / COUNT(Active Projects) × 100', '% (one decimal)', 'Weekly', 'PM (reported), Portfolio Office (validate & consolidate)');
INSERT INTO public.metric_definitions (id, metric_number, name, category, sub_category, release, description, formula, unit, update_frequency, data_owner) VALUES (44, 6, 'Overall RAG — Green %', 'Portfolio Snapshot', 'Portfolio at a Glance', 'MVP', 'Percentage of active projects with an overall RAG status of Green.', 'COUNT(Overall RAG = Green) / COUNT(Active Projects) × 100', '% (one decimal)', 'Weekly', 'PM (reported), Portfolio Office (validate & consolidate)');
INSERT INTO public.metric_definitions (id, metric_number, name, category, sub_category, release, description, formula, unit, update_frequency, data_owner) VALUES (45, 7, 'On Time %', 'Portfolio Snapshot', 'Delivery Indicators', 'MVP', 'Measures the next due milestone.  Percentage of active projects tracking on schedule (On schedule RAG: Green = no slippage).', 'COUNT (Next due milestone RAG = Green) / COUNT (Active Projects) × 100', '% (one decimal)', 'Weekly', 'PM (reported), Portfolio Office (validate & consolidate)');
INSERT INTO public.metric_definitions (id, metric_number, name, category, sub_category, release, description, formula, unit, update_frequency, data_owner) VALUES (46, 8, 'Projects Behind Schedule (count)', 'Portfolio Snapshot', 'Delivery Indicators', 'MVP', 'Measures the next due milestone.  Count of active projects where schedule RAG: Red = next due milestone has slipped.', 'COUNT(Next due milestone RAG = Red)', 'Count (#)', 'Weekly', 'PM (reported), Portfolio Office (validate & consolidate)');
INSERT INTO public.metric_definitions (id, metric_number, name, category, sub_category, release, description, formula, unit, update_frequency, data_owner) VALUES (47, 9, 'On Budget %', 'Portfolio Snapshot', 'Delivery Indicators', 'REL 2', 'Percentage of active projects, where forecast cost is in line with approved budget. (Budget RAG: Green = is in line with approved budget).', 'COUNT(Budget RAG = Green) / COUNT(Active Projects) × 100', '% (one decimal)', 'Monthly (minimum)', 'Finance (actuals), PM (forecast)');
INSERT INTO public.metric_definitions (id, metric_number, name, category, sub_category, release, description, formula, unit, update_frequency, data_owner) VALUES (48, 10, 'Projects Over Budget (count)', 'Portfolio Snapshot', 'Delivery Indicators', 'REL 2', 'Count of active projects where forecast cost exceeds approved budget.', 'COUNT (Budget RAG = Red)', 'Count (#)', 'Monthly', 'Finance (actuals), PM (forecast)');
INSERT INTO public.metric_definitions (id, metric_number, name, category, sub_category, release, description, formula, unit, update_frequency, data_owner) VALUES (49, 11, 'Resource Gaps Flagged', 'Portfolio Snapshot', 'Delivery Indicators', 'MVP', 'Count of active projects with a flagged resource gap (Resource RAG = Red or Amber).', 'COUNT(Resource RAG ∈ {Amber, Red})', 'Count (#)', 'Weekly', 'PM (flagged), Portfolio Office (consolidated)');
INSERT INTO public.metric_definitions (id, metric_number, name, category, sub_category, release, description, formula, unit, update_frequency, data_owner) VALUES (50, 12, 'Client Satisfaction Score', 'Portfolio Snapshot', 'Delivery Indicators', 'REL 3', 'Percentage of clients rating project delivery ≥4/5 (or equivalent) in most recent satisfaction check.', 'COUNT(CSAT ≥4) / COUNT(CSAT responses) × 100', '% (one decimal)', 'Monthly / per milestone', 'TBC (a Corporate owner is required)');
INSERT INTO public.metric_definitions (id, metric_number, name, category, sub_category, release, description, formula, unit, update_frequency, data_owner) VALUES (51, 13, 'Utilisation – UK (overall)', 'Resource & Utilisation', 'Overall', 'MVP', 'Percentage of billable & business/practice developmenthours worked against available billable & internal project capacity for UK-based resources.', 'Billable & business/practice development (hours) logged / Available billable & internal project hours (contracted − leave) × 100', '% (one decimal)', 'Weekly', 'Resource Manager / Finance');
INSERT INTO public.metric_definitions (id, metric_number, name, category, sub_category, release, description, formula, unit, update_frequency, data_owner) VALUES (52, 14, 'Utilisation – India (overall)', 'Resource & Utilisation', 'Overall', 'MVP', 'Percentage of billable & business/practice development hours worked against available billable & internal project capacity for India-based resources.', 'Billable & business/practice development (hours) logged / Available billable & internal project hours (contracted − leave) × 100', '% (one decimal)', 'Weekly', 'Resource Manager / India Resource Lead');
INSERT INTO public.metric_definitions (id, metric_number, name, category, sub_category, release, description, formula, unit, update_frequency, data_owner) VALUES (53, 15, 'Utilisation – by Practice (Renewables & Eng)', 'Resource & Utilisation', 'By Practice', 'REL 2', 'Percentage of billable & business/practice development utilisation for resources aligned to the Renewables & Engineering practice/sub-proposition.', 'Billable & ibusiness/practice development hours logged (Renewables & Eng resources) / Available billable hours (same group) × 100', '% (one decimal)', 'Weekly', 'Practice Lead / Resource Manager');
INSERT INTO public.metric_definitions (id, metric_number, name, category, sub_category, release, description, formula, unit, update_frequency, data_owner) VALUES (54, 16, 'Utilisation – by Practice (Data Intelligence & AI)', 'Resource & Utilisation', 'By Practice', 'REL 2', 'Percentage of billable & business/practice development utilisation for resources aligned to the Data Intelligence & AI practice.', 'Billable & business/practice development hours logged (Data Intelligence & AI) / Available billable hours (same group) × 101', '% (one decimal)', 'Weekly', 'Practice Lead / Resource Manager');
INSERT INTO public.metric_definitions (id, metric_number, name, category, sub_category, release, description, formula, unit, update_frequency, data_owner) VALUES (55, 17, 'Utilisation – by Practice (Cyber Security)', 'Resource & Utilisation', 'By Practice', 'REL 2', 'Percentage of billable & business/practice development utilisation for resources aligned to the Cyber Security practice/sub-proposition.', 'Billable & ibusiness/practice development hours logged (Cyber Security resources) / Available billable hours (same group) × 100', '% (one decimal)', 'Weekly', 'Practice Lead / Resource Manager');
INSERT INTO public.metric_definitions (id, metric_number, name, category, sub_category, release, description, formula, unit, update_frequency, data_owner) VALUES (56, 18, 'Utilisation – by Practice (Apps & Development)', 'Resource & Utilisation', 'By Practice', 'REL 2', 'Percentage of billable & business/practice development utilisation for resources aligned to the Aps & Development practice/sub-proposition.', 'Billable & ibusiness/practice development hours logged (Apps & Development resources) / Available billable hours (same group) × 100', '% (one decimal)', 'Weekly', 'Practice Lead / Resource Manager');
INSERT INTO public.metric_definitions (id, metric_number, name, category, sub_category, release, description, formula, unit, update_frequency, data_owner) VALUES (57, 19, 'Utilisation – by Practice (OT)', 'Resource & Utilisation', 'By Practice', 'REL 2', 'Percentage of billable & business/practice development utilisation for resources aligned to the OT practice/sub-proposition.', 'Billable & ibusiness/practice development hours logged (OT resources) / Available billable hours (same group) × 100', '% (one decimal)', 'Weekly', 'Practice Lead / Resource Manager');
INSERT INTO public.metric_definitions (id, metric_number, name, category, sub_category, release, description, formula, unit, update_frequency, data_owner) VALUES (58, 20, 'Unassigned Resources %', 'Resource & Utilisation', 'Capacity', 'MVP', 'Percentage of total UK & India resource headcount currently unassigned to any active project.', 'COUNT(Unassigned FTE excl. Corporate) / Total FTE (excl. Corporate) × 100', '% (one decimal)', 'Weekly', 'Resource Manager');
INSERT INTO public.metric_definitions (id, metric_number, name, category, sub_category, release, description, formula, unit, update_frequency, data_owner) VALUES (59, 21, 'Unbillable Resources %', 'Resource & Utilisation', 'Capacity', 'MVP', 'Percentage of total UK & India hours logged against non-billable codes (internal, bench, training).', 'Non-billable hours (excl. Corporate) / Total logged hours (excl. Corporate) × 100', '% (one decimal)', 'Weekly', 'Finance / Resource Manager');
INSERT INTO public.metric_definitions (id, metric_number, name, category, sub_category, release, description, formula, unit, update_frequency, data_owner) VALUES (60, 22, 'Schedule RAG per Project', 'Delivery Health', 'Project Status', 'MVP', 'Measures the project as a whole. Schedule performance for each active project rated Green/Amber/Red against defined criteria.', 'Green: no slippage; Amber: risk of slippage if no action taken Red project has slipped.', 'RAG (G/A/R)', 'Weekly', 'PM');
INSERT INTO public.metric_definitions (id, metric_number, name, category, sub_category, release, description, formula, unit, update_frequency, data_owner) VALUES (61, 23, 'Target Margin RAG per Project', 'Delivery Health', 'Project Status', 'REL 2', 'Target margin performance for each active project rated against approved budget.', 'Green <2% variance; Amber 2–5% variance; Red >5% variance', 'RAG (G/A/R)', 'Monthly', 'Finance (actuals), PM (forecast)');
INSERT INTO public.metric_definitions (id, metric_number, name, category, sub_category, release, description, formula, unit, update_frequency, data_owner) VALUES (62, 24, 'Resource RAG per Project', 'Delivery Health', 'Project Status', 'MVP', 'Resource health per active project.  RAG: Red = resource issue now / will miss schedule unless action is taken.  Amber = will become a resource problem unless action is taken.
Green = no resource issues', 'PM assessment against role/skill requirement plan vs actuals.', 'RAG (G/A/R)', 'Weekly', 'PM');
INSERT INTO public.metric_definitions (id, metric_number, name, category, sub_category, release, description, formula, unit, update_frequency, data_owner) VALUES (63, 25, 'Scope RAG per Project', 'Delivery Health', 'Project Status', 'REL 2', 'Scope stability per active project: Green = baseline approved and stable; Amber = changes identified not yet agreed; Red = uncontrolled scope change impacting T/C/Q.', 'PM assessment against agreed scope baseline.', 'RAG (G/A/R)', 'Weekly', 'PM');
INSERT INTO public.metric_definitions (id, metric_number, name, category, sub_category, release, description, formula, unit, update_frequency, data_owner) VALUES (64, 26, 'Open Risks per Project', 'Delivery Health', 'Risks & Issues', 'MVP', 'Count and detail of open risks per active project, categorised by rating and status.', 'COUNT(Risks where Status = Open), grouped by active project and severity.', 'Count + detail', 'Weekly', 'PM');
INSERT INTO public.metric_definitions (id, metric_number, name, category, sub_category, release, description, formula, unit, update_frequency, data_owner) VALUES (65, 27, 'Open Issues per Project', 'Delivery Health', 'Risks & Issues', 'MVP', 'Count and detail of open issues (materialised risks or blockers) per active project.', 'COUNT(Issues where Status = Open), grouped by active project.', 'Count + detail', 'Weekly', 'PM');
INSERT INTO public.metric_definitions (id, metric_number, name, category, sub_category, release, description, formula, unit, update_frequency, data_owner) VALUES (66, 28, 'Total Portfolio Value', 'Commercial', 'Revenue', 'REL 1', 'Sum of contracted value of all active projects.', 'SUM(Contracted Value) across all active projects.', '£ (GBP, thousands)', 'On contract signature (updated monthly)', 'Finance / Client Partner');
INSERT INTO public.metric_definitions (id, metric_number, name, category, sub_category, release, description, formula, unit, update_frequency, data_owner) VALUES (67, 29, 'Revenue Recognised MTD', 'Commercial', 'Revenue', 'REL 1', 'Revenue formally recognised in the current month to date, per accounting policy.', 'SUM(Revenue Recognised) where recognition date in current calendar month.', '£ (GBP, thousands)', 'Monthly', 'Finance');
INSERT INTO public.metric_definitions (id, metric_number, name, category, sub_category, release, description, formula, unit, update_frequency, data_owner) VALUES (68, 30, 'Revenue vs Plan Variance', 'Commercial', 'Revenue', 'REL 1', 'Difference between actual revenue recognised MTD and planned revenue for the month.', 'Revenue Recognised MTD − Revenue Plan MTD. Show as £ and %.', '£ and %', 'Monthly (ideally weekly)', 'Finance');
INSERT INTO public.metric_definitions (id, metric_number, name, category, sub_category, release, description, formula, unit, update_frequency, data_owner) VALUES (69, 31, 'Average Project Margin %', 'Commercial', 'Margin', 'REL 1', 'Average gross margin across all active projects (revenue minus direct delivery cost).', 'AVERAGE(Project Margin %) where Margin = (Revenue − Direct Costs) / Revenue × 100.', '% (one decimal)', 'Monthly', 'Finance');
INSERT INTO public.metric_definitions (id, metric_number, name, category, sub_category, release, description, formula, unit, update_frequency, data_owner) VALUES (70, 32, 'Billable Utilisation %', 'Commercial', 'Margin', 'MVP', 'Percentage of total logged hours that are billable to a client — commercial lens on utilisation.', 'Billable hours / Total hours logged (excl. Corporate) × 100 (all resources, UK + India).', '% (one decimal)', 'Weekly', 'Finance / Resource Manager');
INSERT INTO public.metric_definitions (id, metric_number, name, category, sub_category, release, description, formula, unit, update_frequency, data_owner) VALUES (71, 33, 'Win Rate (6-month rolling)', 'Commercial', 'Pipeline', 'REL 2', 'Percentage of pitched opportunities won in the rolling 6-month window.', 'COUNT(Opportunities Won) / COUNT(Opportunities Pitched) × 100 over rolling 6 months.', '% (one decimal)', 'Monthly', 'Client Partner / Growth team (Mike Farrell)');
INSERT INTO public.metric_definitions (id, metric_number, name, category, sub_category, release, description, formula, unit, update_frequency, data_owner) VALUES (72, 34, 'Pipeline Value', 'Commercial', 'Pipeline', 'REL 2', 'Total value of opportunities currently in pipeline from Prospect to Negotiation stage.', 'SUM(Opportunity Value) where Stage ∈ {Prospect, Qualified, Proposal, Negotiation}.', '£ (GBP, thousands)', 'Weekly', 'Client Partner / Growth team (Mike Farrell)');
INSERT INTO public.metric_definitions (id, metric_number, name, category, sub_category, release, description, formula, unit, update_frequency, data_owner) VALUES (73, 35, 'Repeat Business Rate %', 'Commercial', 'Pipeline', 'REL 2', 'Percentage of revenue (or active projects) in the current period derived from existing clients (re-contracted or extended).', 'Revenue (or active projects) from existing clients (renewed/extended) / Total Revenue × 100.', '% (one decimal)', 'Monthly', 'Client Partner');
INSERT INTO public.metric_definitions (id, metric_number, name, category, sub_category, release, description, formula, unit, update_frequency, data_owner) VALUES (74, 36, 'Average Days to Contract', 'Commercial', 'Pipeline', 'REL 2', 'Average number of calendar days from opportunity creation/bid submission to signed contract.', 'AVERAGE(Contract Signed Date − Opportunity Created/Bid Submitted Date) across deals closed in period.', 'Days (whole number .5 or > rolled up)', 'Monthly', 'Client Partner / Legal');
INSERT INTO public.metric_definitions (id, metric_number, name, category, sub_category, release, description, formula, unit, update_frequency, data_owner) VALUES (75, 37, 'Planned vs Actual Invoicing', 'Commercial', 'Invoicing', 'REL 3', 'Variance between the invoices planned to be raised in the period and the invoices actually raised. Measures billing discipline and cash flow predictability.', 'Planned Invoice Value (period) − Actual Invoice Value (period). Express as £ variance and % variance: (Actual − Plan) / Plan × 100. Report at project level and portfolio total.', '£ (GBP) and % variance — shown per project and portfolio total', 'Monthly', 'Finance');
INSERT INTO public.metric_definitions (id, metric_number, name, category, sub_category, release, description, formula, unit, update_frequency, data_owner) VALUES (76, 38, 'Gross Margin £ (per project and portfolio)', 'Commercial', 'Margin', 'REL 1', 'Absolute gross margin in pounds (£) for each active project and the portfolio total. Gross margin = Revenue − Direct Delivery Cost. Complements metric #28 (Average Project Margin %) by providing the £ value, enabling prioritisation by commercial impact rather than percentage alone. A project with a high margin % but low £ value may be less commercially significant than a lower-% but higher-value project.', 'Gross Margin £ = Revenue Recognised − Direct Delivery Cost. Direct Delivery Cost = Labour Cost (billable hours × cost rate) + Direct Expenses (travel, subcontractors, software, etc.). Portfolio Gross Margin £ = SUM(Gross Margin £) across all active projects. Gross Margin % (cross-reference) = Gross Margin £ / Revenue Recognised × 100.', '£ (GBP, thousands) — shown per project; portfolio total; with Gross Margin % alongside', 'Monthly', 'Finance');
INSERT INTO public.metric_definitions (id, metric_number, name, category, sub_category, release, description, formula, unit, update_frequency, data_owner) VALUES (77, 39, 'Escalations and decisions required per project', 'Delivery Health', 'Project Status', 'MVP', 'All escalations and decisions required per project, monitored on a weekly basis', 'All escalations and decisions required per project, monitored on a weekly basis', 'Free text', 'Weekly', 'PM');
INSERT INTO public.metric_definitions (id, metric_number, name, category, sub_category, release, description, formula, unit, update_frequency, data_owner) VALUES (78, 40, 'Cost RAG per project', 'Delivery Health', 'Project Status', 'REL 3', 'Measures the project as a whole in terms of whether the forecast cost is in line with approved budget. (Budget RAG: Green = is in line with approved budget).', 'Red: project is over budget.  Amber: project at risk of going over budget unless action is taken.  Green = not over budget & not at risk of going over.', 'RAG (G/A/R)', 'Weekly', 'PM');
INSERT INTO public.metric_definitions (id, metric_number, name, category, sub_category, release, description, formula, unit, update_frequency, data_owner) VALUES (79, 41, 'Deals > 4 months in the pipeline', 'Commercial', 'Pipeline', 'REL 3', 'Count of all on going deals (not yet been won) which have been in the pipeline for over 4 months', 'COUNT(Ongoing deals in the pipeline over 4 months)', 'Count + detail', 'Weekly', 'Client Partner');


--
-- Data for Name: resources; Type: TABLE DATA; Schema: public; Owner: -
--

INSERT INTO public.resources (id, code, name, practice, region, contract_hours_per_week, active) VALUES (1, 'R001', 'Danie Selvaraju', 'Apps & Development', 'UK', 37.50, true);
INSERT INTO public.resources (id, code, name, practice, region, contract_hours_per_week, active) VALUES (2, 'R002', 'Sam Lee', 'Data Intelligence & AI', 'UK', 37.50, true);
INSERT INTO public.resources (id, code, name, practice, region, contract_hours_per_week, active) VALUES (3, 'R003', 'Priya Patel', 'Data Intelligence & AI', 'UK', 37.50, true);
INSERT INTO public.resources (id, code, name, practice, region, contract_hours_per_week, active) VALUES (4, 'R004', 'Tom Hughes', 'Renewables & Engineering', 'UK', 37.50, true);
INSERT INTO public.resources (id, code, name, practice, region, contract_hours_per_week, active) VALUES (5, 'R005', 'Anna Chen', 'Cyber Security', 'UK', 37.50, true);
INSERT INTO public.resources (id, code, name, practice, region, contract_hours_per_week, active) VALUES (6, 'R006', 'James Obi', 'OT', 'UK', 37.50, true);
INSERT INTO public.resources (id, code, name, practice, region, contract_hours_per_week, active) VALUES (7, 'R007', 'Ben Nair', 'Data Intelligence & AI', 'India', 40.00, true);
INSERT INTO public.resources (id, code, name, practice, region, contract_hours_per_week, active) VALUES (8, 'R008', 'Meera Sharma', 'Apps & Development', 'India', 40.00, true);
INSERT INTO public.resources (id, code, name, practice, region, contract_hours_per_week, active) VALUES (9, 'R009', 'Chris Tate', 'Renewables & Engineering', 'UK', 37.50, true);
INSERT INTO public.resources (id, code, name, practice, region, contract_hours_per_week, active) VALUES (10, 'R010', 'Fatima Al-Hassan', 'Cyber Security', 'UK', 37.50, true);


--
-- Data for Name: resource_weeks; Type: TABLE DATA; Schema: public; Owner: -
--

INSERT INTO public.resource_weeks (id, resource_id, week_ending, leave_hrs, billable_hrs, non_billable_hrs, utilisation_pct, assigned_project_refs, assignment_status, notes, updated_at) VALUES (1, 1, '2026-05-08', 0.00, 35.00, 2.50, 0.9333, 'P001', 'Assigned', NULL, '2026-05-12 11:21:17.728229+00');
INSERT INTO public.resource_weeks (id, resource_id, week_ending, leave_hrs, billable_hrs, non_billable_hrs, utilisation_pct, assigned_project_refs, assignment_status, notes, updated_at) VALUES (2, 2, '2026-05-08', 0.00, 30.00, 7.50, 0.8000, 'P002', 'Assigned', NULL, '2026-05-12 11:21:17.728229+00');
INSERT INTO public.resource_weeks (id, resource_id, week_ending, leave_hrs, billable_hrs, non_billable_hrs, utilisation_pct, assigned_project_refs, assignment_status, notes, updated_at) VALUES (3, 3, '2026-05-08', 0.00, 37.50, 0.00, 1.0000, 'P003', 'Assigned', NULL, '2026-05-12 11:21:17.728229+00');
INSERT INTO public.resource_weeks (id, resource_id, week_ending, leave_hrs, billable_hrs, non_billable_hrs, utilisation_pct, assigned_project_refs, assignment_status, notes, updated_at) VALUES (4, 4, '2026-05-08', 7.50, 25.00, 5.00, 0.8333, 'P004', 'Assigned', 'Part week - annual leave Mon-Tue', '2026-05-12 11:21:17.728229+00');
INSERT INTO public.resource_weeks (id, resource_id, week_ending, leave_hrs, billable_hrs, non_billable_hrs, utilisation_pct, assigned_project_refs, assignment_status, notes, updated_at) VALUES (5, 5, '2026-05-08', 0.00, 37.50, 0.00, 1.0000, 'P005', 'Assigned', NULL, '2026-05-12 11:21:17.728229+00');
INSERT INTO public.resource_weeks (id, resource_id, week_ending, leave_hrs, billable_hrs, non_billable_hrs, utilisation_pct, assigned_project_refs, assignment_status, notes, updated_at) VALUES (6, 6, '2026-05-08', 0.00, 30.00, 7.50, 0.8000, 'P006', 'Assigned', NULL, '2026-05-12 11:21:17.728229+00');
INSERT INTO public.resource_weeks (id, resource_id, week_ending, leave_hrs, billable_hrs, non_billable_hrs, utilisation_pct, assigned_project_refs, assignment_status, notes, updated_at) VALUES (7, 7, '2026-05-08', 0.00, 36.00, 4.00, 0.9000, 'P002, P003', 'Assigned', NULL, '2026-05-12 11:21:17.728229+00');
INSERT INTO public.resource_weeks (id, resource_id, week_ending, leave_hrs, billable_hrs, non_billable_hrs, utilisation_pct, assigned_project_refs, assignment_status, notes, updated_at) VALUES (8, 8, '2026-05-08', 0.00, 40.00, 0.00, 1.0000, 'P001', 'Assigned', NULL, '2026-05-12 11:21:17.728229+00');
INSERT INTO public.resource_weeks (id, resource_id, week_ending, leave_hrs, billable_hrs, non_billable_hrs, utilisation_pct, assigned_project_refs, assignment_status, notes, updated_at) VALUES (9, 9, '2026-05-08', 0.00, 0.00, 37.50, 0.0000, 'Unassigned', 'Bench', 'Available for new project', '2026-05-12 11:21:17.728229+00');
INSERT INTO public.resource_weeks (id, resource_id, week_ending, leave_hrs, billable_hrs, non_billable_hrs, utilisation_pct, assigned_project_refs, assignment_status, notes, updated_at) VALUES (10, 10, '2026-05-08', 0.00, 20.00, 17.50, 0.5333, 'P005', 'Part-assigned', '50% capacity only - internal training', '2026-05-12 11:21:17.728229+00');
INSERT INTO public.resource_weeks (id, resource_id, week_ending, leave_hrs, billable_hrs, non_billable_hrs, utilisation_pct, assigned_project_refs, assignment_status, notes, updated_at) VALUES (13, 3, '2026-05-15', 0.00, 37.50, 0.00, 1.0000, 'P003', 'Assigned', NULL, '2026-05-12 13:13:22.741978+00');
INSERT INTO public.resource_weeks (id, resource_id, week_ending, leave_hrs, billable_hrs, non_billable_hrs, utilisation_pct, assigned_project_refs, assignment_status, notes, updated_at) VALUES (15, 5, '2026-05-15', 0.00, 37.50, 0.00, 1.0000, 'P005', 'Assigned', NULL, '2026-05-12 13:13:22.741978+00');
INSERT INTO public.resource_weeks (id, resource_id, week_ending, leave_hrs, billable_hrs, non_billable_hrs, utilisation_pct, assigned_project_refs, assignment_status, notes, updated_at) VALUES (18, 8, '2026-05-15', 0.00, 40.00, 0.00, 1.0000, 'P001', 'Assigned', NULL, '2026-05-12 13:13:22.741978+00');
INSERT INTO public.resource_weeks (id, resource_id, week_ending, leave_hrs, billable_hrs, non_billable_hrs, utilisation_pct, assigned_project_refs, assignment_status, notes, updated_at) VALUES (19, 9, '2026-05-15', 0.00, 0.00, 37.50, 0.0000, 'Unassigned', 'Bench', 'Available for new project', '2026-05-12 13:13:22.741978+00');
INSERT INTO public.resource_weeks (id, resource_id, week_ending, leave_hrs, billable_hrs, non_billable_hrs, utilisation_pct, assigned_project_refs, assignment_status, notes, updated_at) VALUES (11, 1, '2026-05-15', 0.00, 35.00, 2.50, 0.9333, 'P001', 'Assigned', NULL, '2026-05-12 13:41:13.386579+00');
INSERT INTO public.resource_weeks (id, resource_id, week_ending, leave_hrs, billable_hrs, non_billable_hrs, utilisation_pct, assigned_project_refs, assignment_status, notes, updated_at) VALUES (12, 2, '2026-05-15', 0.00, 30.00, 7.50, 0.8000, 'P002', 'Assigned', NULL, '2026-05-12 13:41:13.386579+00');
INSERT INTO public.resource_weeks (id, resource_id, week_ending, leave_hrs, billable_hrs, non_billable_hrs, utilisation_pct, assigned_project_refs, assignment_status, notes, updated_at) VALUES (14, 4, '2026-05-15', 7.50, 25.00, 5.00, 0.8333, 'P004', 'Assigned', 'Part week - annual leave Mon-Tue', '2026-05-12 13:41:13.386579+00');
INSERT INTO public.resource_weeks (id, resource_id, week_ending, leave_hrs, billable_hrs, non_billable_hrs, utilisation_pct, assigned_project_refs, assignment_status, notes, updated_at) VALUES (16, 6, '2026-05-15', 0.00, 30.00, 7.50, 0.8000, 'P006', 'Assigned', NULL, '2026-05-12 13:41:13.386579+00');
INSERT INTO public.resource_weeks (id, resource_id, week_ending, leave_hrs, billable_hrs, non_billable_hrs, utilisation_pct, assigned_project_refs, assignment_status, notes, updated_at) VALUES (17, 7, '2026-05-15', 0.00, 36.00, 4.00, 0.9000, 'P002, P003', 'Assigned', NULL, '2026-05-12 13:41:13.386579+00');
INSERT INTO public.resource_weeks (id, resource_id, week_ending, leave_hrs, billable_hrs, non_billable_hrs, utilisation_pct, assigned_project_refs, assignment_status, notes, updated_at) VALUES (20, 10, '2026-05-15', 0.00, 20.00, 17.50, 0.5333, 'P005', 'Part-assigned', '50% capacity only - internal training', '2026-05-12 13:41:13.386579+00');


--
-- Data for Name: risk_issues; Type: TABLE DATA; Schema: public; Owner: -
--

INSERT INTO public.risk_issues (id, project_id, type, rating, description, impact_if_unmitigated, mitigation_action, owner, status, date_raised, date_closed, updated_at) VALUES (1, 5, 'Risk', 'High', 'Risk of non-payment as client not satisfied by work completed', NULL, 'CP scheduling meeting with Procurement to review and discuss next steps', 'R Merino', 'In Progress', '2026-05-01', NULL, '2026-05-12 11:21:17.704933+00');
INSERT INTO public.risk_issues (id, project_id, type, rating, description, impact_if_unmitigated, mitigation_action, owner, status, date_raised, date_closed, updated_at) VALUES (2, 7, 'Risk', 'Medium', 'SAP BASIS and security – team composition is currently lacking skills', NULL, 'nxzen currently building in house team for SAP BASIS and security across all account.  
06/05:  No further update.', 'Tamo / Solman', 'In Progress', '2026-04-29', NULL, '2026-05-12 11:21:17.704933+00');
INSERT INTO public.risk_issues (id, project_id, type, rating, description, impact_if_unmitigated, mitigation_action, owner, status, date_raised, date_closed, updated_at) VALUES (3, 9, 'Risk', 'Medium', 'DEED Digitilisation solution – feedback on fitting client requirements', NULL, '06/05: Feedback received but probability reduced.', 'Nirmal Paul + Akhil Gupta', 'In Progress', '2026-04-29', NULL, '2026-05-12 11:21:17.704933+00');
INSERT INTO public.risk_issues (id, project_id, type, rating, description, impact_if_unmitigated, mitigation_action, owner, status, date_raised, date_closed, updated_at) VALUES (4, 10, 'Risk', 'High', 'Secure MFT - Azure infrastructure Environment readiness / preparation is getting delayed.', NULL, '06/05: Risk of further slippage beyond the change request.', 'Tamo', 'In Progress', '2025-11-21', NULL, '2026-05-12 11:21:17.704933+00');
INSERT INTO public.risk_issues (id, project_id, type, rating, description, impact_if_unmitigated, mitigation_action, owner, status, date_raised, date_closed, updated_at) VALUES (5, 12, 'Risk', 'Medium', 'Risk on Version Compatibilities mismatch', NULL, '06/05: clarification received', 'Venoje', 'Closed', '2026-04-29', NULL, '2026-05-12 11:21:17.704933+00');
INSERT INTO public.risk_issues (id, project_id, type, rating, description, impact_if_unmitigated, mitigation_action, owner, status, date_raised, date_closed, updated_at) VALUES (6, 13, 'Risk', 'Medium', 'Risk of Delay in HLD Approval will have impact in Start of Development Activities', 'Note: Not clear which piece of work the risk is related to so have selected GB01_P001026', '06/05: Still open, probability reduced', 'Venoje', 'In Progress', '2026-04-29', NULL, '2026-05-12 11:21:17.704933+00');
INSERT INTO public.risk_issues (id, project_id, type, rating, description, impact_if_unmitigated, mitigation_action, owner, status, date_raised, date_closed, updated_at) VALUES (7, 13, 'Risk', 'Medium', 'No agreement on the Level of completion of LLD to commence development activities', 'Note: Not clear which piece of work the risk is related to so have selected GB01_P001026', '06/05: Still open, probability reduced', 'Venoje', 'In Progress', '2026-04-29', NULL, '2026-05-12 11:21:17.704933+00');
INSERT INTO public.risk_issues (id, project_id, type, rating, description, impact_if_unmitigated, mitigation_action, owner, status, date_raised, date_closed, updated_at) VALUES (8, 14, 'Risk', 'Medium', 'Risk on IBM Infra being not supportive on Application support', NULL, '07/05: Anoop to escalate it with SGN. In progress', 'Anoop', 'In Progress', '2026-05-07', NULL, '2026-05-12 11:21:17.704933+00');
INSERT INTO public.risk_issues (id, project_id, type, rating, description, impact_if_unmitigated, mitigation_action, owner, status, date_raised, date_closed, updated_at) VALUES (9, 15, 'Risk', 'Medium', 'We may lose business to competitors for Gas Control related work due to lack of skilled resources in the team', NULL, '07/05: Trying to support new resource starting next week, 2 days per week. June full time. Alex to confirm. If not available, revert to contractor.', 'Vikas', 'In Progress', '2026-05-07', NULL, '2026-05-12 11:21:17.704933+00');
INSERT INTO public.risk_issues (id, project_id, type, rating, description, impact_if_unmitigated, mitigation_action, owner, status, date_raised, date_closed, updated_at) VALUES (10, 5, 'Risk', 'High', 'Risk of non-payment as client not satisfied by work completed', NULL, 'CP scheduling meeting with Procurement to review and discuss next steps', 'R Merino', 'In Progress', '2026-05-01', NULL, '2026-05-12 11:24:38.637689+00');
INSERT INTO public.risk_issues (id, project_id, type, rating, description, impact_if_unmitigated, mitigation_action, owner, status, date_raised, date_closed, updated_at) VALUES (11, 7, 'Risk', 'Medium', 'SAP BASIS and security – team composition is currently lacking skills', NULL, 'nxzen currently building in house team for SAP BASIS and security across all account.  
06/05:  No further update.', 'Tamo / Solman', 'In Progress', '2026-04-29', NULL, '2026-05-12 11:24:38.637689+00');
INSERT INTO public.risk_issues (id, project_id, type, rating, description, impact_if_unmitigated, mitigation_action, owner, status, date_raised, date_closed, updated_at) VALUES (12, 18, 'Risk', 'Medium', 'DEED Digitilisation solution – feedback on fitting client requirements', NULL, '06/05: Feedback received but probability reduced.', 'Nirmal Paul + Akhil Gupta', 'In Progress', '2026-04-29', NULL, '2026-05-12 11:24:38.637689+00');
INSERT INTO public.risk_issues (id, project_id, type, rating, description, impact_if_unmitigated, mitigation_action, owner, status, date_raised, date_closed, updated_at) VALUES (13, 19, 'Risk', 'High', 'Secure MFT - Azure infrastructure Environment readiness / preparation is getting delayed.', NULL, '06/05: Risk of further slippage beyond the change request.', 'Tamo', 'In Progress', '2025-11-21', NULL, '2026-05-12 11:24:38.637689+00');
INSERT INTO public.risk_issues (id, project_id, type, rating, description, impact_if_unmitigated, mitigation_action, owner, status, date_raised, date_closed, updated_at) VALUES (14, 12, 'Risk', 'Medium', 'Risk on Version Compatibilities mismatch', NULL, '06/05: clarification received', 'Venoje', 'Closed', '2026-04-29', NULL, '2026-05-12 11:24:38.637689+00');
INSERT INTO public.risk_issues (id, project_id, type, rating, description, impact_if_unmitigated, mitigation_action, owner, status, date_raised, date_closed, updated_at) VALUES (15, 13, 'Risk', 'Medium', 'Risk of Delay in HLD Approval will have impact in Start of Development Activities', 'Note: Not clear which piece of work the risk is related to so have selected GB01_P001026', '06/05: Still open, probability reduced', 'Venoje', 'In Progress', '2026-04-29', NULL, '2026-05-12 11:24:38.637689+00');
INSERT INTO public.risk_issues (id, project_id, type, rating, description, impact_if_unmitigated, mitigation_action, owner, status, date_raised, date_closed, updated_at) VALUES (16, 14, 'Risk', 'Medium', 'Risk on IBM Infra being not supportive on Application support', NULL, '07/05: Anoop to escalate it with SGN. In progress', 'Anoop', 'In Progress', '2026-05-07', NULL, '2026-05-12 11:24:38.637689+00');
INSERT INTO public.risk_issues (id, project_id, type, rating, description, impact_if_unmitigated, mitigation_action, owner, status, date_raised, date_closed, updated_at) VALUES (17, 15, 'Risk', 'Medium', 'We may lose business to competitors for Gas Control related work due to lack of skilled resources in the team', NULL, '07/05: Trying to support new resource starting next week, 2 days per week. June full time. Alex to confirm. If not available, revert to contractor.', 'Vikas', 'In Progress', '2026-05-07', NULL, '2026-05-12 11:24:38.637689+00');
INSERT INTO public.risk_issues (id, project_id, type, rating, description, impact_if_unmitigated, mitigation_action, owner, status, date_raised, date_closed, updated_at) VALUES (18, 5, 'Risk', 'High', 'Risk of non-payment as client not satisfied by work completed', NULL, 'CP scheduling meeting with Procurement to review and discuss next steps', 'R Merino', 'In Progress', '2026-05-01', NULL, '2026-05-12 12:58:11.018683+00');
INSERT INTO public.risk_issues (id, project_id, type, rating, description, impact_if_unmitigated, mitigation_action, owner, status, date_raised, date_closed, updated_at) VALUES (19, 7, 'Risk', 'Medium', 'SAP BASIS and security – team composition is currently lacking skills', NULL, 'nxzen currently building in house team for SAP BASIS and security across all account.  
06/05:  No further update.', 'Tamo / Solman', 'In Progress', '2026-04-29', NULL, '2026-05-12 12:58:11.018683+00');
INSERT INTO public.risk_issues (id, project_id, type, rating, description, impact_if_unmitigated, mitigation_action, owner, status, date_raised, date_closed, updated_at) VALUES (20, 22, 'Risk', 'Medium', 'DEED Digitilisation solution – feedback on fitting client requirements', NULL, '06/05: Feedback received but probability reduced.', 'Nirmal Paul + Akhil Gupta', 'In Progress', '2026-04-29', NULL, '2026-05-12 12:58:11.018683+00');
INSERT INTO public.risk_issues (id, project_id, type, rating, description, impact_if_unmitigated, mitigation_action, owner, status, date_raised, date_closed, updated_at) VALUES (21, 23, 'Risk', 'High', 'Secure MFT - Azure infrastructure Environment readiness / preparation is getting delayed.', NULL, '06/05: Risk of further slippage beyond the change request.', 'Tamo', 'In Progress', '2025-11-21', NULL, '2026-05-12 12:58:11.018683+00');
INSERT INTO public.risk_issues (id, project_id, type, rating, description, impact_if_unmitigated, mitigation_action, owner, status, date_raised, date_closed, updated_at) VALUES (22, 12, 'Risk', 'Medium', 'Risk on Version Compatibilities mismatch', NULL, '06/05: clarification received', 'Venoje', 'Closed', '2026-04-29', NULL, '2026-05-12 12:58:11.018683+00');
INSERT INTO public.risk_issues (id, project_id, type, rating, description, impact_if_unmitigated, mitigation_action, owner, status, date_raised, date_closed, updated_at) VALUES (23, 13, 'Risk', 'Medium', 'Risk of Delay in HLD Approval will have impact in Start of Development Activities', 'Note: Not clear which piece of work the risk is related to so have selected GB01_P001026', '06/05: Still open, probability reduced', 'Venoje', 'In Progress', '2026-04-29', NULL, '2026-05-12 12:58:11.018683+00');
INSERT INTO public.risk_issues (id, project_id, type, rating, description, impact_if_unmitigated, mitigation_action, owner, status, date_raised, date_closed, updated_at) VALUES (24, 14, 'Risk', 'Medium', 'Risk on IBM Infra being not supportive on Application support', NULL, '07/05: Anoop to escalate it with SGN. In progress', 'Anoop', 'In Progress', '2026-05-07', NULL, '2026-05-12 12:58:11.018683+00');
INSERT INTO public.risk_issues (id, project_id, type, rating, description, impact_if_unmitigated, mitigation_action, owner, status, date_raised, date_closed, updated_at) VALUES (25, 15, 'Risk', 'Medium', 'We may lose business to competitors for Gas Control related work due to lack of skilled resources in the team', NULL, '07/05: Trying to support new resource starting next week, 2 days per week. June full time. Alex to confirm. If not available, revert to contractor.', 'Vikas', 'In Progress', '2026-05-07', NULL, '2026-05-12 12:58:11.018683+00');
INSERT INTO public.risk_issues (id, project_id, type, rating, description, impact_if_unmitigated, mitigation_action, owner, status, date_raised, date_closed, updated_at) VALUES (26, 5, 'Risk', 'High', 'Risk of non-payment as client not satisfied by work completed', NULL, 'CP scheduling meeting with Procurement to review and discuss next steps', 'R Merino', 'In Progress', '2026-05-01', NULL, '2026-05-12 13:06:39.990848+00');
INSERT INTO public.risk_issues (id, project_id, type, rating, description, impact_if_unmitigated, mitigation_action, owner, status, date_raised, date_closed, updated_at) VALUES (27, 7, 'Risk', 'Medium', 'SAP BASIS and security – team composition is currently lacking skills', NULL, 'nxzen currently building in house team for SAP BASIS and security across all account.  
06/05:  No further update.', 'Tamo / Solman', 'In Progress', '2026-04-29', NULL, '2026-05-12 13:06:39.990848+00');
INSERT INTO public.risk_issues (id, project_id, type, rating, description, impact_if_unmitigated, mitigation_action, owner, status, date_raised, date_closed, updated_at) VALUES (28, 26, 'Risk', 'Medium', 'DEED Digitilisation solution – feedback on fitting client requirements', NULL, '06/05: Feedback received but probability reduced.', 'Nirmal Paul + Akhil Gupta', 'In Progress', '2026-04-29', NULL, '2026-05-12 13:06:39.990848+00');
INSERT INTO public.risk_issues (id, project_id, type, rating, description, impact_if_unmitigated, mitigation_action, owner, status, date_raised, date_closed, updated_at) VALUES (29, 27, 'Risk', 'High', 'Secure MFT - Azure infrastructure Environment readiness / preparation is getting delayed.', NULL, '06/05: Risk of further slippage beyond the change request.', 'Tamo', 'In Progress', '2025-11-21', NULL, '2026-05-12 13:06:39.990848+00');
INSERT INTO public.risk_issues (id, project_id, type, rating, description, impact_if_unmitigated, mitigation_action, owner, status, date_raised, date_closed, updated_at) VALUES (30, 12, 'Risk', 'Medium', 'Risk on Version Compatibilities mismatch', NULL, '06/05: clarification received', 'Venoje', 'Closed', '2026-04-29', NULL, '2026-05-12 13:06:39.990848+00');
INSERT INTO public.risk_issues (id, project_id, type, rating, description, impact_if_unmitigated, mitigation_action, owner, status, date_raised, date_closed, updated_at) VALUES (31, 13, 'Risk', 'Medium', 'Risk of Delay in HLD Approval will have impact in Start of Development Activities', 'Note: Not clear which piece of work the risk is related to so have selected GB01_P001026', '06/05: Still open, probability reduced', 'Venoje', 'In Progress', '2026-04-29', NULL, '2026-05-12 13:06:39.990848+00');
INSERT INTO public.risk_issues (id, project_id, type, rating, description, impact_if_unmitigated, mitigation_action, owner, status, date_raised, date_closed, updated_at) VALUES (32, 14, 'Risk', 'Medium', 'Risk on IBM Infra being not supportive on Application support', NULL, '07/05: Anoop to escalate it with SGN. In progress', 'Anoop', 'In Progress', '2026-05-07', NULL, '2026-05-12 13:06:39.990848+00');
INSERT INTO public.risk_issues (id, project_id, type, rating, description, impact_if_unmitigated, mitigation_action, owner, status, date_raised, date_closed, updated_at) VALUES (33, 15, 'Risk', 'Medium', 'We may lose business to competitors for Gas Control related work due to lack of skilled resources in the team', NULL, '07/05: Trying to support new resource starting next week, 2 days per week. June full time. Alex to confirm. If not available, revert to contractor.', 'Vikas', 'In Progress', '2026-05-07', NULL, '2026-05-12 13:06:39.990848+00');
INSERT INTO public.risk_issues (id, project_id, type, rating, description, impact_if_unmitigated, mitigation_action, owner, status, date_raised, date_closed, updated_at) VALUES (34, 5, 'Risk', 'High', 'Risk of non-payment as client not satisfied by work completed', NULL, 'CP scheduling meeting with Procurement to review and discuss next steps', 'R Merino', 'In Progress', '2026-05-01', NULL, '2026-05-12 13:08:07.291075+00');
INSERT INTO public.risk_issues (id, project_id, type, rating, description, impact_if_unmitigated, mitigation_action, owner, status, date_raised, date_closed, updated_at) VALUES (35, 7, 'Risk', 'Medium', 'SAP BASIS and security – team composition is currently lacking skills', NULL, 'nxzen currently building in house team for SAP BASIS and security across all account.  
06/05:  No further update.', 'Tamo / Solman', 'In Progress', '2026-04-29', NULL, '2026-05-12 13:08:07.291075+00');
INSERT INTO public.risk_issues (id, project_id, type, rating, description, impact_if_unmitigated, mitigation_action, owner, status, date_raised, date_closed, updated_at) VALUES (36, 30, 'Risk', 'Medium', 'DEED Digitilisation solution – feedback on fitting client requirements', NULL, '06/05: Feedback received but probability reduced.', 'Nirmal Paul + Akhil Gupta', 'In Progress', '2026-04-29', NULL, '2026-05-12 13:08:07.291075+00');
INSERT INTO public.risk_issues (id, project_id, type, rating, description, impact_if_unmitigated, mitigation_action, owner, status, date_raised, date_closed, updated_at) VALUES (37, 31, 'Risk', 'High', 'Secure MFT - Azure infrastructure Environment readiness / preparation is getting delayed.', NULL, '06/05: Risk of further slippage beyond the change request.', 'Tamo', 'In Progress', '2025-11-21', NULL, '2026-05-12 13:08:07.291075+00');
INSERT INTO public.risk_issues (id, project_id, type, rating, description, impact_if_unmitigated, mitigation_action, owner, status, date_raised, date_closed, updated_at) VALUES (38, 12, 'Risk', 'Medium', 'Risk on Version Compatibilities mismatch', NULL, '06/05: clarification received', 'Venoje', 'Closed', '2026-04-29', NULL, '2026-05-12 13:08:07.291075+00');
INSERT INTO public.risk_issues (id, project_id, type, rating, description, impact_if_unmitigated, mitigation_action, owner, status, date_raised, date_closed, updated_at) VALUES (39, 13, 'Risk', 'Medium', 'Risk of Delay in HLD Approval will have impact in Start of Development Activities', 'Note: Not clear which piece of work the risk is related to so have selected GB01_P001026', '06/05: Still open, probability reduced', 'Venoje', 'In Progress', '2026-04-29', NULL, '2026-05-12 13:08:07.291075+00');
INSERT INTO public.risk_issues (id, project_id, type, rating, description, impact_if_unmitigated, mitigation_action, owner, status, date_raised, date_closed, updated_at) VALUES (40, 14, 'Risk', 'Medium', 'Risk on IBM Infra being not supportive on Application support', NULL, '07/05: Anoop to escalate it with SGN. In progress', 'Anoop', 'In Progress', '2026-05-07', NULL, '2026-05-12 13:08:07.291075+00');
INSERT INTO public.risk_issues (id, project_id, type, rating, description, impact_if_unmitigated, mitigation_action, owner, status, date_raised, date_closed, updated_at) VALUES (41, 15, 'Risk', 'Medium', 'We may lose business to competitors for Gas Control related work due to lack of skilled resources in the team', NULL, '07/05: Trying to support new resource starting next week, 2 days per week. June full time. Alex to confirm. If not available, revert to contractor.', 'Vikas', 'In Progress', '2026-05-07', NULL, '2026-05-12 13:08:07.291075+00');


--
-- Data for Name: weekly_status; Type: TABLE DATA; Schema: public; Owner: -
--

INSERT INTO public.weekly_status (id, project_id, week_ending, schedule_rag, resource_rag, scope_rag, budget_rag, overall_rag, key_flag_comment, next_milestone, milestone_due, milestone_status, updated_by_user_id, updated_at) VALUES (1, 1, '2026-05-08', 'Green', 'Green', 'Green', 'Green', 'Green', '05/05: End of May PO to be confirmed. At Risk but client assured', 'PO confirmation', '2026-05-31', 'At Risk', 3, '2026-05-12 11:21:17.658279+00');
INSERT INTO public.weekly_status (id, project_id, week_ending, schedule_rag, resource_rag, scope_rag, budget_rag, overall_rag, key_flag_comment, next_milestone, milestone_due, milestone_status, updated_by_user_id, updated_at) VALUES (2, 2, '2026-05-08', 'Green', 'Green', 'Green', 'Green', 'Green', '28/04: Project continued until Dec’26', NULL, NULL, 'On Track', 3, '2026-05-12 11:21:17.658279+00');
INSERT INTO public.weekly_status (id, project_id, week_ending, schedule_rag, resource_rag, scope_rag, budget_rag, overall_rag, key_flag_comment, next_milestone, milestone_due, milestone_status, updated_by_user_id, updated_at) VALUES (3, 3, '2026-05-08', 'Amber', 'Green', 'Green', 'Green', 'Amber', '28/04: Very tight timelines. UAT started 27/04 and client resourcing not sufficient to meet deadlines, so we have needed to add in more resource to complete.', 'UAT Complete', NULL, 'At Risk', 3, '2026-05-12 11:21:17.658279+00');
INSERT INTO public.weekly_status (id, project_id, week_ending, schedule_rag, resource_rag, scope_rag, budget_rag, overall_rag, key_flag_comment, next_milestone, milestone_due, milestone_status, updated_by_user_id, updated_at) VALUES (4, 4, '2026-05-08', 'Green', 'Green', 'Green', 'Green', 'Green', '05/05: Reduce timelines for pilot delivery.', 'Workshop', '2026-05-13', 'On Track', 3, '2026-05-12 11:21:17.658279+00');
INSERT INTO public.weekly_status (id, project_id, week_ending, schedule_rag, resource_rag, scope_rag, budget_rag, overall_rag, key_flag_comment, next_milestone, milestone_due, milestone_status, updated_by_user_id, updated_at) VALUES (5, 5, '2026-05-08', 'Red', 'Green', 'Red', 'Green', 'Red', '05/05: Scheduling call with Procurement. £50k at risk.', 'Confirm proj statius', NULL, 'At Risk', 3, '2026-05-12 11:21:17.658279+00');
INSERT INTO public.weekly_status (id, project_id, week_ending, schedule_rag, resource_rag, scope_rag, budget_rag, overall_rag, key_flag_comment, next_milestone, milestone_due, milestone_status, updated_by_user_id, updated_at) VALUES (6, 6, '2026-05-08', 'Green', 'Green', 'Green', 'Green', 'Green', '27/04: Currently discussing 3-month extension from under mid-May current PO', NULL, NULL, NULL, 3, '2026-05-12 11:21:17.658279+00');
INSERT INTO public.weekly_status (id, project_id, week_ending, schedule_rag, resource_rag, scope_rag, budget_rag, overall_rag, key_flag_comment, next_milestone, milestone_due, milestone_status, updated_by_user_id, updated_at) VALUES (7, 7, '2026-05-08', 'Green', 'Green', 'Green', 'Green', 'Green', '06/05: CR status is green. Extension of 1 week accepted by client. ​ Separately the stabilization is in progress and on track against plan.', 'Complete Stabilisation plan', NULL, 'On Track', 3, '2026-05-12 11:21:17.658279+00');
INSERT INTO public.weekly_status (id, project_id, week_ending, schedule_rag, resource_rag, scope_rag, budget_rag, overall_rag, key_flag_comment, next_milestone, milestone_due, milestone_status, updated_by_user_id, updated_at) VALUES (8, 8, '2026-05-08', 'Green', 'Green', 'Green', 'Green', 'Green', '29/04: Srinivasan Neelakantan has been onboarded and working from SP ENW Location from 20th April.', NULL, NULL, NULL, 3, '2026-05-12 11:21:17.658279+00');
INSERT INTO public.weekly_status (id, project_id, week_ending, schedule_rag, resource_rag, scope_rag, budget_rag, overall_rag, key_flag_comment, next_milestone, milestone_due, milestone_status, updated_by_user_id, updated_at) VALUES (9, 9, '2026-05-08', 'Green', 'Green', 'Green', 'Green', 'Green', '06/05: Client feedback to be incorporated into design and to be played back 07/05 during the Architecture Review Board (ARB)', 'Design review at ARB', '2026-05-07', 'On Track', 3, '2026-05-12 11:21:17.658279+00');
INSERT INTO public.weekly_status (id, project_id, week_ending, schedule_rag, resource_rag, scope_rag, budget_rag, overall_rag, key_flag_comment, next_milestone, milestone_due, milestone_status, updated_by_user_id, updated_at) VALUES (10, 10, '2026-05-08', 'Green', 'Green', 'Green', 'Green', 'Green', '06/05: Received additional scope from client and working on impact assessment currently, to be shared next week. Project still in design phase.', 'Agree scope', NULL, 'On Track', 3, '2026-05-12 11:21:17.658279+00');
INSERT INTO public.weekly_status (id, project_id, week_ending, schedule_rag, resource_rag, scope_rag, budget_rag, overall_rag, key_flag_comment, next_milestone, milestone_due, milestone_status, updated_by_user_id, updated_at) VALUES (11, 11, '2026-05-08', 'Amber', 'Amber', 'Amber', 'Amber', 'Amber', '06/05: New plan is being baselined and CR being agreed with the client. Once plan baselined and CR agreed, we can anticipate move back to green.', 'Meet with WWU Team', NULL, 'On Track', 3, '2026-05-12 11:21:17.658279+00');
INSERT INTO public.weekly_status (id, project_id, week_ending, schedule_rag, resource_rag, scope_rag, budget_rag, overall_rag, key_flag_comment, next_milestone, milestone_due, milestone_status, updated_by_user_id, updated_at) VALUES (12, 12, '2026-05-08', 'Green', 'Green', 'Green', 'Green', 'Green', NULL, 'Submit work order', NULL, NULL, 3, '2026-05-12 11:21:17.658279+00');
INSERT INTO public.weekly_status (id, project_id, week_ending, schedule_rag, resource_rag, scope_rag, budget_rag, overall_rag, key_flag_comment, next_milestone, milestone_due, milestone_status, updated_by_user_id, updated_at) VALUES (13, 13, '2026-05-08', 'Green', 'Green', 'Green', 'Green', 'Green', 'NGM DBP Decom –  delivered and handover in progress', 'Complete handover', NULL, NULL, 3, '2026-05-12 11:21:17.658279+00');
INSERT INTO public.weekly_status (id, project_id, week_ending, schedule_rag, resource_rag, scope_rag, budget_rag, overall_rag, key_flag_comment, next_milestone, milestone_due, milestone_status, updated_by_user_id, updated_at) VALUES (14, 14, '2026-05-08', 'Red', 'Green', 'Green', 'Red', 'Red', '07/05: Alex (CP) and project sponsor from SNG have aligned. SGN has not confirmed the testing start date. (Sudha). Need to re-baseline plan and commercials etc. Alex is on top of this issue. Trend is the same as previous week.', '07/05: IBM team onboarded today, kick off complete. (Praveen)', '2026-04-27', 'Complete', 3, '2026-05-12 11:21:17.658279+00');
INSERT INTO public.weekly_status (id, project_id, week_ending, schedule_rag, resource_rag, scope_rag, budget_rag, overall_rag, key_flag_comment, next_milestone, milestone_due, milestone_status, updated_by_user_id, updated_at) VALUES (15, 15, '2026-05-08', 'Green', 'Green', 'Green', 'Green', 'Green', '07/05: Tracking green, no issues.', NULL, NULL, NULL, 3, '2026-05-12 11:21:17.658279+00');
INSERT INTO public.weekly_status (id, project_id, week_ending, schedule_rag, resource_rag, scope_rag, budget_rag, overall_rag, key_flag_comment, next_milestone, milestone_due, milestone_status, updated_by_user_id, updated_at) VALUES (16, 16, '2026-05-08', 'Green', 'Green', 'Green', 'Green', 'Green', '05/05: Reduce timelines for pilot delivery.', 'Workshop', '2026-05-13', 'On Track', 3, '2026-05-12 11:24:38.610151+00');
INSERT INTO public.weekly_status (id, project_id, week_ending, schedule_rag, resource_rag, scope_rag, budget_rag, overall_rag, key_flag_comment, next_milestone, milestone_due, milestone_status, updated_by_user_id, updated_at) VALUES (17, 17, '2026-05-08', 'Green', 'Green', 'Green', 'Green', 'Green', '29/04: Srinivasan Neelakantan has been onboarded and working from SP ENW Location from 20th April.', NULL, NULL, NULL, 3, '2026-05-12 11:24:38.610151+00');
INSERT INTO public.weekly_status (id, project_id, week_ending, schedule_rag, resource_rag, scope_rag, budget_rag, overall_rag, key_flag_comment, next_milestone, milestone_due, milestone_status, updated_by_user_id, updated_at) VALUES (18, 18, '2026-05-08', 'Green', 'Green', 'Green', 'Green', 'Green', '06/05: Client feedback to be incorporated into design and to be played back 07/05 during the Architecture Review Board (ARB)', 'Design review at ARB', '2026-05-07', 'On Track', 3, '2026-05-12 11:24:38.610151+00');
INSERT INTO public.weekly_status (id, project_id, week_ending, schedule_rag, resource_rag, scope_rag, budget_rag, overall_rag, key_flag_comment, next_milestone, milestone_due, milestone_status, updated_by_user_id, updated_at) VALUES (19, 19, '2026-05-08', 'Green', 'Green', 'Green', 'Green', 'Green', '06/05: Received additional scope from client and working on impact assessment currently, to be shared next week. Project still in design phase.', 'Agree scope', NULL, 'On Track', 3, '2026-05-12 11:24:38.610151+00');
INSERT INTO public.weekly_status (id, project_id, week_ending, schedule_rag, resource_rag, scope_rag, budget_rag, overall_rag, key_flag_comment, next_milestone, milestone_due, milestone_status, updated_by_user_id, updated_at) VALUES (20, 6, '2026-05-15', 'Green', 'Green', 'Green', 'Green', 'Green', NULL, NULL, NULL, NULL, 1, '2026-05-12 12:47:04.975535+00');
INSERT INTO public.weekly_status (id, project_id, week_ending, schedule_rag, resource_rag, scope_rag, budget_rag, overall_rag, key_flag_comment, next_milestone, milestone_due, milestone_status, updated_by_user_id, updated_at) VALUES (21, 20, '2026-05-08', 'Green', 'Green', 'Green', 'Green', 'Green', '05/05: Reduce timelines for pilot delivery.', 'Workshop', '2026-05-13', 'On Track', 3, '2026-05-12 12:58:10.969845+00');
INSERT INTO public.weekly_status (id, project_id, week_ending, schedule_rag, resource_rag, scope_rag, budget_rag, overall_rag, key_flag_comment, next_milestone, milestone_due, milestone_status, updated_by_user_id, updated_at) VALUES (22, 21, '2026-05-08', 'Green', 'Green', 'Green', 'Green', 'Green', '29/04: Srinivasan Neelakantan has been onboarded and working from SP ENW Location from 20th April.', NULL, NULL, NULL, 3, '2026-05-12 12:58:10.969845+00');
INSERT INTO public.weekly_status (id, project_id, week_ending, schedule_rag, resource_rag, scope_rag, budget_rag, overall_rag, key_flag_comment, next_milestone, milestone_due, milestone_status, updated_by_user_id, updated_at) VALUES (23, 22, '2026-05-08', 'Green', 'Green', 'Green', 'Green', 'Green', '06/05: Client feedback to be incorporated into design and to be played back 07/05 during the Architecture Review Board (ARB)', 'Design review at ARB', '2026-05-07', 'On Track', 3, '2026-05-12 12:58:10.969845+00');
INSERT INTO public.weekly_status (id, project_id, week_ending, schedule_rag, resource_rag, scope_rag, budget_rag, overall_rag, key_flag_comment, next_milestone, milestone_due, milestone_status, updated_by_user_id, updated_at) VALUES (24, 23, '2026-05-08', 'Green', 'Green', 'Green', 'Green', 'Green', '06/05: Received additional scope from client and working on impact assessment currently, to be shared next week. Project still in design phase.', 'Agree scope', NULL, 'On Track', 3, '2026-05-12 12:58:10.969845+00');
INSERT INTO public.weekly_status (id, project_id, week_ending, schedule_rag, resource_rag, scope_rag, budget_rag, overall_rag, key_flag_comment, next_milestone, milestone_due, milestone_status, updated_by_user_id, updated_at) VALUES (25, 24, '2026-05-08', 'Green', 'Green', 'Green', 'Green', 'Green', '05/05: Reduce timelines for pilot delivery.', 'Workshop', '2026-05-13', 'On Track', 3, '2026-05-12 13:06:39.958793+00');
INSERT INTO public.weekly_status (id, project_id, week_ending, schedule_rag, resource_rag, scope_rag, budget_rag, overall_rag, key_flag_comment, next_milestone, milestone_due, milestone_status, updated_by_user_id, updated_at) VALUES (26, 25, '2026-05-08', 'Green', 'Green', 'Green', 'Green', 'Green', '29/04: Srinivasan Neelakantan has been onboarded and working from SP ENW Location from 20th April.', NULL, NULL, NULL, 3, '2026-05-12 13:06:39.958793+00');
INSERT INTO public.weekly_status (id, project_id, week_ending, schedule_rag, resource_rag, scope_rag, budget_rag, overall_rag, key_flag_comment, next_milestone, milestone_due, milestone_status, updated_by_user_id, updated_at) VALUES (27, 26, '2026-05-08', 'Green', 'Green', 'Green', 'Green', 'Green', '06/05: Client feedback to be incorporated into design and to be played back 07/05 during the Architecture Review Board (ARB)', 'Design review at ARB', '2026-05-07', 'On Track', 3, '2026-05-12 13:06:39.958793+00');
INSERT INTO public.weekly_status (id, project_id, week_ending, schedule_rag, resource_rag, scope_rag, budget_rag, overall_rag, key_flag_comment, next_milestone, milestone_due, milestone_status, updated_by_user_id, updated_at) VALUES (28, 27, '2026-05-08', 'Green', 'Green', 'Green', 'Green', 'Green', '06/05: Received additional scope from client and working on impact assessment currently, to be shared next week. Project still in design phase.', 'Agree scope', NULL, 'On Track', 3, '2026-05-12 13:06:39.958793+00');
INSERT INTO public.weekly_status (id, project_id, week_ending, schedule_rag, resource_rag, scope_rag, budget_rag, overall_rag, key_flag_comment, next_milestone, milestone_due, milestone_status, updated_by_user_id, updated_at) VALUES (29, 28, '2026-05-08', 'Green', 'Green', 'Green', 'Green', 'Green', '05/05: Reduce timelines for pilot delivery.', 'Workshop', '2026-05-13', 'On Track', 3, '2026-05-12 13:08:07.260971+00');
INSERT INTO public.weekly_status (id, project_id, week_ending, schedule_rag, resource_rag, scope_rag, budget_rag, overall_rag, key_flag_comment, next_milestone, milestone_due, milestone_status, updated_by_user_id, updated_at) VALUES (30, 29, '2026-05-08', 'Green', 'Green', 'Green', 'Green', 'Green', '29/04: Srinivasan Neelakantan has been onboarded and working from SP ENW Location from 20th April.', NULL, NULL, NULL, 3, '2026-05-12 13:08:07.260971+00');
INSERT INTO public.weekly_status (id, project_id, week_ending, schedule_rag, resource_rag, scope_rag, budget_rag, overall_rag, key_flag_comment, next_milestone, milestone_due, milestone_status, updated_by_user_id, updated_at) VALUES (31, 30, '2026-05-08', 'Green', 'Green', 'Green', 'Green', 'Green', '06/05: Client feedback to be incorporated into design and to be played back 07/05 during the Architecture Review Board (ARB)', 'Design review at ARB', '2026-05-07', 'On Track', 3, '2026-05-12 13:08:07.260971+00');
INSERT INTO public.weekly_status (id, project_id, week_ending, schedule_rag, resource_rag, scope_rag, budget_rag, overall_rag, key_flag_comment, next_milestone, milestone_due, milestone_status, updated_by_user_id, updated_at) VALUES (32, 31, '2026-05-08', 'Green', 'Green', 'Green', 'Green', 'Green', '06/05: Received additional scope from client and working on impact assessment currently, to be shared next week. Project still in design phase.', 'Agree scope', NULL, 'On Track', 3, '2026-05-12 13:08:07.260971+00');


--
-- Name: audit_log_id_seq; Type: SEQUENCE SET; Schema: public; Owner: -
--

SELECT pg_catalog.setval('public.audit_log_id_seq', 1, false);


--
-- Name: commercial_id_seq; Type: SEQUENCE SET; Schema: public; Owner: -
--

SELECT pg_catalog.setval('public.commercial_id_seq', 1, false);


--
-- Name: csat_id_seq; Type: SEQUENCE SET; Schema: public; Owner: -
--

SELECT pg_catalog.setval('public.csat_id_seq', 50, true);


--
-- Name: escalations_decisions_id_seq; Type: SEQUENCE SET; Schema: public; Owner: -
--

SELECT pg_catalog.setval('public.escalations_decisions_id_seq', 1, false);


--
-- Name: gov_checkpoints_id_seq; Type: SEQUENCE SET; Schema: public; Owner: -
--

SELECT pg_catalog.setval('public.gov_checkpoints_id_seq', 1, false);


--
-- Name: metric_definitions_id_seq; Type: SEQUENCE SET; Schema: public; Owner: -
--

SELECT pg_catalog.setval('public.metric_definitions_id_seq', 79, true);


--
-- Name: projects_id_seq; Type: SEQUENCE SET; Schema: public; Owner: -
--

SELECT pg_catalog.setval('public.projects_id_seq', 31, true);


--
-- Name: resource_weeks_id_seq; Type: SEQUENCE SET; Schema: public; Owner: -
--

SELECT pg_catalog.setval('public.resource_weeks_id_seq', 20, true);


--
-- Name: resources_id_seq; Type: SEQUENCE SET; Schema: public; Owner: -
--

SELECT pg_catalog.setval('public.resources_id_seq', 10, true);


--
-- Name: risk_issues_id_seq; Type: SEQUENCE SET; Schema: public; Owner: -
--

SELECT pg_catalog.setval('public.risk_issues_id_seq', 41, true);


--
-- Name: users_id_seq; Type: SEQUENCE SET; Schema: public; Owner: -
--

SELECT pg_catalog.setval('public.users_id_seq', 7, true);


--
-- Name: weekly_status_id_seq; Type: SEQUENCE SET; Schema: public; Owner: -
--

SELECT pg_catalog.setval('public.weekly_status_id_seq', 32, true);


--
-- PostgreSQL database dump complete
--

\unrestrict o6Zw8twuqwJJli9Z2wWNwTPQSQprLgaiPe0tlxZbK4360fcEBuSrbooLfwo5UyV

